Hello, World!
cell/MBFF8x2.txt
Available CPU cores: 16
MM25_1 num_finger: 2
MM19_1 num_finger: 1
MM18_1 num_finger: 1
MM15_1 num_finger: 1
MM13_1 num_finger: 1
MM7_1 num_finger: 1
MM11_1 num_finger: 1
MM10_1 num_finger: 1
MM22_1 num_finger: 1
MM1_1 num_finger: 1
MM3_1 num_finger: 1
MM21_1 num_finger: 1
MM25_2 num_finger: 2
MM19_2 num_finger: 1
MM18_2 num_finger: 1
MM15_2 num_finger: 1
MM13_2 num_finger: 1
MM7_2 num_finger: 1
MM11_2 num_finger: 1
MM10_2 num_finger: 1
MM1_2 num_finger: 1
MM3_2 num_finger: 1
MM25_3 num_finger: 2
MM19_3 num_finger: 1
MM18_3 num_finger: 1
MM15_3 num_finger: 1
MM13_3 num_finger: 1
MM7_3 num_finger: 1
MM11_3 num_finger: 1
MM10_3 num_finger: 1
MM1_3 num_finger: 1
MM3_3 num_finger: 1
MM25_4 num_finger: 2
MM19_4 num_finger: 1
MM18_4 num_finger: 1
MM15_4 num_finger: 1
MM13_4 num_finger: 1
MM7_4 num_finger: 1
MM11_4 num_finger: 1
MM10_4 num_finger: 1
MM1_4 num_finger: 1
MM3_4 num_finger: 1
MM25_5 num_finger: 2
MM19_5 num_finger: 1
MM18_5 num_finger: 1
MM15_5 num_finger: 1
MM13_5 num_finger: 1
MM7_5 num_finger: 1
MM11_5 num_finger: 1
MM10_5 num_finger: 1
MM22_5 num_finger: 1
MM1_5 num_finger: 1
MM3_5 num_finger: 1
MM25_6 num_finger: 2
MM19_6 num_finger: 1
MM18_6 num_finger: 1
MM15_6 num_finger: 1
MM13_6 num_finger: 1
MM7_6 num_finger: 1
MM11_6 num_finger: 1
MM10_6 num_finger: 1
MM1_6 num_finger: 1
MM3_6 num_finger: 1
MM25_7 num_finger: 2
MM19_7 num_finger: 1
MM18_7 num_finger: 1
MM15_7 num_finger: 1
MM13_7 num_finger: 1
MM7_7 num_finger: 1
MM11_7 num_finger: 1
MM10_7 num_finger: 1
MM1_7 num_finger: 1
MM3_7 num_finger: 1
MM25_8 num_finger: 2
MM19_8 num_finger: 1
MM18_8 num_finger: 1
MM15_8 num_finger: 1
MM13_8 num_finger: 1
MM7_8 num_finger: 1
MM11_8 num_finger: 1
MM10_8 num_finger: 1
MM1_8 num_finger: 1
MM3_8 num_finger: 1
MM24_1 num_finger: 2
MM17_1 num_finger: 1
MM16_1 num_finger: 1
MM14_1 num_finger: 1
MM12_1 num_finger: 1
MM6_1 num_finger: 1
MM9_1 num_finger: 1
MM8_1 num_finger: 1
MM23_1 num_finger: 1
MM5_1 num_finger: 1
MM4_1 num_finger: 1
MM20_1 num_finger: 1
MM24_2 num_finger: 2
MM17_2 num_finger: 1
MM16_2 num_finger: 1
MM14_2 num_finger: 1
MM12_2 num_finger: 1
MM6_2 num_finger: 1
MM9_2 num_finger: 1
MM8_2 num_finger: 1
MM5_2 num_finger: 1
MM4_2 num_finger: 1
MM24_3 num_finger: 2
MM17_3 num_finger: 1
MM16_3 num_finger: 1
MM14_3 num_finger: 1
MM12_3 num_finger: 1
MM6_3 num_finger: 1
MM9_3 num_finger: 1
MM8_3 num_finger: 1
MM5_3 num_finger: 1
MM4_3 num_finger: 1
MM24_4 num_finger: 2
MM17_4 num_finger: 1
MM16_4 num_finger: 1
MM14_4 num_finger: 1
MM12_4 num_finger: 1
MM6_4 num_finger: 1
MM9_4 num_finger: 1
MM8_4 num_finger: 1
MM5_4 num_finger: 1
MM4_4 num_finger: 1
MM24_5 num_finger: 2
MM17_5 num_finger: 1
MM16_5 num_finger: 1
MM14_5 num_finger: 1
MM12_5 num_finger: 1
MM6_5 num_finger: 1
MM9_5 num_finger: 1
MM8_5 num_finger: 1
MM23_5 num_finger: 1
MM5_5 num_finger: 1
MM4_5 num_finger: 1
MM24_6 num_finger: 2
MM17_6 num_finger: 1
MM16_6 num_finger: 1
MM14_6 num_finger: 1
MM12_6 num_finger: 1
MM6_6 num_finger: 1
MM9_6 num_finger: 1
MM8_6 num_finger: 1
MM5_6 num_finger: 1
MM4_6 num_finger: 1
MM24_7 num_finger: 2
MM17_7 num_finger: 1
MM16_7 num_finger: 1
MM14_7 num_finger: 1
MM12_7 num_finger: 1
MM6_7 num_finger: 1
MM9_7 num_finger: 1
MM8_7 num_finger: 1
MM5_7 num_finger: 1
MM4_7 num_finger: 1
MM24_8 num_finger: 2
MM17_8 num_finger: 1
MM16_8 num_finger: 1
MM14_8 num_finger: 1
MM12_8 num_finger: 1
MM6_8 num_finger: 1
MM9_8 num_finger: 1
MM8_8 num_finger: 1
MM5_8 num_finger: 1
MM4_8 num_finger: 1
#tr/#net: 166/101
compound_gates: 

MM15_8
MM14_8

MM7_7
MM6_7

MM18_8
MM17_8

MM10_6
MM1_6
MM9_6
MM4_6

MM15_6
MM14_6

MM18_6
MM17_6

MM10_7
MM1_7
MM9_7
MM4_7

MM15_5
MM14_5

MM18_5
MM17_5

MM21_1
MM20_1

MM7_6
MM6_6

MM25_8
MM24_8

MM18_7
MM17_7

MM10_4
MM1_4
MM9_4
MM4_4

MM10_5
MM1_5
MM9_5
MM4_5

MM18_3
MM17_3

MM22_1
MM22_5
MM23_1
MM23_5

MM25_5
MM24_5

MM18_2
MM17_2

MM18_1
MM17_1

MM25_1
MM24_1

MM15_7
MM14_7

MM10_1
MM1_1
MM9_1
MM4_1

MM7_5
MM6_5

MM10_3
MM1_3
MM9_3
MM4_3

MM25_2
MM24_2

MM25_3
MM24_3

MM25_6
MM24_6

MM7_8
MM6_8

MM25_4
MM24_4

MM25_7
MM24_7

MM7_2
MM6_2

MM15_1
MM14_1

MM15_3
MM14_3

MM7_3
MM6_3

MM15_2
MM14_2

MM10_2
MM1_2
MM9_2
MM4_2

MM18_4
MM17_4

MM15_4
MM14_4

MM10_8
MM1_8
MM9_8
MM4_8

MM7_4
MM6_4

MM7_1
MM6_1

transmission_gates: 

MM13_1
MM12_1

MM13_2
MM12_2

MM13_3
MM12_3

MM13_4
MM12_4

MM13_5
MM12_5

MM13_6
MM12_6

MM13_7
MM12_7

MM13_8
MM12_8
p-network: 
MM15_8
n-network: 
MM14_8

MM15_8 MM14_8 2
MM14_8 pref MM15_8
MM15_8 pref MM14_8
MM14_8 propose #0
MM14_8 match MM15_8
[matching result]
MM15_8 <-> MM14_8
p-network: 
MM7_7
n-network: 
MM6_7

MM7_7 MM6_7 2
MM6_7 pref MM7_7
MM7_7 pref MM6_7
MM6_7 propose #0
MM6_7 match MM7_7
[matching result]
MM7_7 <-> MM6_7
p-network: 
MM18_8
MM19_8
n-network: 
MM17_8
MM16_8

MM18_8 MM17_8 -2
MM18_8 MM16_8 -3
MM19_8 MM17_8 -3
MM19_8 MM16_8 0
MM17_8 pref MM18_8
MM17_8 pref MM19_8
MM16_8 pref MM19_8
MM16_8 pref MM18_8
MM18_8 pref MM17_8
MM18_8 pref MM16_8
MM19_8 pref MM16_8
MM19_8 pref MM17_8
MM17_8 propose #0
MM17_8 match MM18_8
MM16_8 propose #0
MM16_8 match MM19_8
[matching result]
MM18_8 <-> MM17_8
MM19_8 <-> MM16_8
p-network: 
MM10_6
MM11_6
MM1_6
MM3_6
n-network: 
MM9_6
MM8_6
MM4_6
MM5_6

MM10_6 MM9_6 -2
MM10_6 MM8_6 -3
MM10_6 MM4_6 -2
MM10_6 MM5_6 -5
MM11_6 MM9_6 -3
MM11_6 MM8_6 0
MM11_6 MM4_6 -5
MM11_6 MM5_6 -4
MM1_6 MM9_6 -2
MM1_6 MM8_6 -5
MM1_6 MM4_6 -2
MM1_6 MM5_6 -3
MM3_6 MM9_6 -5
MM3_6 MM8_6 -4
MM3_6 MM4_6 -3
MM3_6 MM5_6 0
MM9_6 pref MM10_6
MM9_6 pref MM1_6
MM9_6 pref MM11_6
MM9_6 pref MM3_6
MM8_6 pref MM11_6
MM8_6 pref MM10_6
MM8_6 pref MM3_6
MM8_6 pref MM1_6
MM4_6 pref MM10_6
MM4_6 pref MM1_6
MM4_6 pref MM3_6
MM4_6 pref MM11_6
MM5_6 pref MM3_6
MM5_6 pref MM1_6
MM5_6 pref MM11_6
MM5_6 pref MM10_6
MM10_6 pref MM9_6
MM10_6 pref MM4_6
MM10_6 pref MM8_6
MM10_6 pref MM5_6
MM11_6 pref MM8_6
MM11_6 pref MM9_6
MM11_6 pref MM5_6
MM11_6 pref MM4_6
MM1_6 pref MM9_6
MM1_6 pref MM4_6
MM1_6 pref MM5_6
MM1_6 pref MM8_6
MM3_6 pref MM5_6
MM3_6 pref MM4_6
MM3_6 pref MM8_6
MM3_6 pref MM9_6
MM9_6 propose #0
MM9_6 match MM10_6
MM8_6 propose #0
MM8_6 match MM11_6
MM4_6 propose #0
MM5_6 propose #0
MM5_6 match MM3_6
MM4_6 propose #1
MM4_6 match MM1_6
[matching result]
MM10_6 <-> MM9_6
MM11_6 <-> MM8_6
MM1_6 <-> MM4_6
MM3_6 <-> MM5_6
p-network: 
MM15_6
n-network: 
MM14_6

MM15_6 MM14_6 2
MM14_6 pref MM15_6
MM15_6 pref MM14_6
MM14_6 propose #0
MM14_6 match MM15_6
[matching result]
MM15_6 <-> MM14_6
p-network: 
MM18_6
MM19_6
n-network: 
MM17_6
MM16_6

MM18_6 MM17_6 -2
MM18_6 MM16_6 -3
MM19_6 MM17_6 -3
MM19_6 MM16_6 0
MM17_6 pref MM18_6
MM17_6 pref MM19_6
MM16_6 pref MM19_6
MM16_6 pref MM18_6
MM18_6 pref MM17_6
MM18_6 pref MM16_6
MM19_6 pref MM16_6
MM19_6 pref MM17_6
MM17_6 propose #0
MM17_6 match MM18_6
MM16_6 propose #0
MM16_6 match MM19_6
[matching result]
MM18_6 <-> MM17_6
MM19_6 <-> MM16_6
p-network: 
MM10_7
MM11_7
MM1_7
MM3_7
n-network: 
MM9_7
MM8_7
MM4_7
MM5_7

MM10_7 MM9_7 -2
MM10_7 MM8_7 -3
MM10_7 MM4_7 -2
MM10_7 MM5_7 -5
MM11_7 MM9_7 -3
MM11_7 MM8_7 0
MM11_7 MM4_7 -5
MM11_7 MM5_7 -4
MM1_7 MM9_7 -2
MM1_7 MM8_7 -5
MM1_7 MM4_7 -2
MM1_7 MM5_7 -3
MM3_7 MM9_7 -5
MM3_7 MM8_7 -4
MM3_7 MM4_7 -3
MM3_7 MM5_7 0
MM9_7 pref MM10_7
MM9_7 pref MM1_7
MM9_7 pref MM11_7
MM9_7 pref MM3_7
MM8_7 pref MM11_7
MM8_7 pref MM10_7
MM8_7 pref MM3_7
MM8_7 pref MM1_7
MM4_7 pref MM10_7
MM4_7 pref MM1_7
MM4_7 pref MM3_7
MM4_7 pref MM11_7
MM5_7 pref MM3_7
MM5_7 pref MM1_7
MM5_7 pref MM11_7
MM5_7 pref MM10_7
MM10_7 pref MM9_7
MM10_7 pref MM4_7
MM10_7 pref MM8_7
MM10_7 pref MM5_7
MM11_7 pref MM8_7
MM11_7 pref MM9_7
MM11_7 pref MM5_7
MM11_7 pref MM4_7
MM1_7 pref MM9_7
MM1_7 pref MM4_7
MM1_7 pref MM5_7
MM1_7 pref MM8_7
MM3_7 pref MM5_7
MM3_7 pref MM4_7
MM3_7 pref MM8_7
MM3_7 pref MM9_7
MM9_7 propose #0
MM9_7 match MM10_7
MM8_7 propose #0
MM8_7 match MM11_7
MM4_7 propose #0
MM5_7 propose #0
MM5_7 match MM3_7
MM4_7 propose #1
MM4_7 match MM1_7
[matching result]
MM10_7 <-> MM9_7
MM11_7 <-> MM8_7
MM1_7 <-> MM4_7
MM3_7 <-> MM5_7
p-network: 
MM15_5
n-network: 
MM14_5

MM15_5 MM14_5 2
MM14_5 pref MM15_5
MM15_5 pref MM14_5
MM14_5 propose #0
MM14_5 match MM15_5
[matching result]
MM15_5 <-> MM14_5
p-network: 
MM18_5
MM19_5
n-network: 
MM17_5
MM16_5

MM18_5 MM17_5 -2
MM18_5 MM16_5 -3
MM19_5 MM17_5 -3
MM19_5 MM16_5 0
MM17_5 pref MM18_5
MM17_5 pref MM19_5
MM16_5 pref MM19_5
MM16_5 pref MM18_5
MM18_5 pref MM17_5
MM18_5 pref MM16_5
MM19_5 pref MM16_5
MM19_5 pref MM17_5
MM17_5 propose #0
MM17_5 match MM18_5
MM16_5 propose #0
MM16_5 match MM19_5
[matching result]
MM18_5 <-> MM17_5
MM19_5 <-> MM16_5
p-network: 
MM21_1
n-network: 
MM20_1

MM21_1 MM20_1 2
MM20_1 pref MM21_1
MM21_1 pref MM20_1
MM20_1 propose #0
MM20_1 match MM21_1
[matching result]
MM21_1 <-> MM20_1
p-network: 
MM7_6
n-network: 
MM6_6

MM7_6 MM6_6 2
MM6_6 pref MM7_6
MM7_6 pref MM6_6
MM6_6 propose #0
MM6_6 match MM7_6
[matching result]
MM7_6 <-> MM6_6
p-network: 
MM25_8
n-network: 
MM24_8

MM25_8 MM24_8 2
MM24_8 pref MM25_8
MM25_8 pref MM24_8
MM24_8 propose #0
MM24_8 match MM25_8
[matching result]
MM25_8 <-> MM24_8
p-network: 
MM18_7
MM19_7
n-network: 
MM17_7
MM16_7

MM18_7 MM17_7 -2
MM18_7 MM16_7 -3
MM19_7 MM17_7 -3
MM19_7 MM16_7 0
MM17_7 pref MM18_7
MM17_7 pref MM19_7
MM16_7 pref MM19_7
MM16_7 pref MM18_7
MM18_7 pref MM17_7
MM18_7 pref MM16_7
MM19_7 pref MM16_7
MM19_7 pref MM17_7
MM17_7 propose #0
MM17_7 match MM18_7
MM16_7 propose #0
MM16_7 match MM19_7
[matching result]
MM18_7 <-> MM17_7
MM19_7 <-> MM16_7
p-network: 
MM10_4
MM11_4
MM1_4
MM3_4
n-network: 
MM9_4
MM8_4
MM4_4
MM5_4

MM10_4 MM9_4 -2
MM10_4 MM8_4 -3
MM10_4 MM4_4 -2
MM10_4 MM5_4 -5
MM11_4 MM9_4 -3
MM11_4 MM8_4 0
MM11_4 MM4_4 -5
MM11_4 MM5_4 -4
MM1_4 MM9_4 -2
MM1_4 MM8_4 -5
MM1_4 MM4_4 -2
MM1_4 MM5_4 -3
MM3_4 MM9_4 -5
MM3_4 MM8_4 -4
MM3_4 MM4_4 -3
MM3_4 MM5_4 0
MM9_4 pref MM10_4
MM9_4 pref MM1_4
MM9_4 pref MM11_4
MM9_4 pref MM3_4
MM8_4 pref MM11_4
MM8_4 pref MM10_4
MM8_4 pref MM3_4
MM8_4 pref MM1_4
MM4_4 pref MM10_4
MM4_4 pref MM1_4
MM4_4 pref MM3_4
MM4_4 pref MM11_4
MM5_4 pref MM3_4
MM5_4 pref MM1_4
MM5_4 pref MM11_4
MM5_4 pref MM10_4
MM10_4 pref MM9_4
MM10_4 pref MM4_4
MM10_4 pref MM8_4
MM10_4 pref MM5_4
MM11_4 pref MM8_4
MM11_4 pref MM9_4
MM11_4 pref MM5_4
MM11_4 pref MM4_4
MM1_4 pref MM9_4
MM1_4 pref MM4_4
MM1_4 pref MM5_4
MM1_4 pref MM8_4
MM3_4 pref MM5_4
MM3_4 pref MM4_4
MM3_4 pref MM8_4
MM3_4 pref MM9_4
MM9_4 propose #0
MM9_4 match MM10_4
MM8_4 propose #0
MM8_4 match MM11_4
MM4_4 propose #0
MM5_4 propose #0
MM5_4 match MM3_4
MM4_4 propose #1
MM4_4 match MM1_4
[matching result]
MM10_4 <-> MM9_4
MM11_4 <-> MM8_4
MM1_4 <-> MM4_4
MM3_4 <-> MM5_4
p-network: 
MM10_5
MM11_5
MM1_5
MM3_5
n-network: 
MM9_5
MM8_5
MM4_5
MM5_5

MM10_5 MM9_5 -2
MM10_5 MM8_5 -3
MM10_5 MM4_5 -2
MM10_5 MM5_5 -5
MM11_5 MM9_5 -3
MM11_5 MM8_5 0
MM11_5 MM4_5 -5
MM11_5 MM5_5 -4
MM1_5 MM9_5 -2
MM1_5 MM8_5 -5
MM1_5 MM4_5 -2
MM1_5 MM5_5 -3
MM3_5 MM9_5 -5
MM3_5 MM8_5 -4
MM3_5 MM4_5 -3
MM3_5 MM5_5 0
MM9_5 pref MM10_5
MM9_5 pref MM1_5
MM9_5 pref MM11_5
MM9_5 pref MM3_5
MM8_5 pref MM11_5
MM8_5 pref MM10_5
MM8_5 pref MM3_5
MM8_5 pref MM1_5
MM4_5 pref MM10_5
MM4_5 pref MM1_5
MM4_5 pref MM3_5
MM4_5 pref MM11_5
MM5_5 pref MM3_5
MM5_5 pref MM1_5
MM5_5 pref MM11_5
MM5_5 pref MM10_5
MM10_5 pref MM9_5
MM10_5 pref MM4_5
MM10_5 pref MM8_5
MM10_5 pref MM5_5
MM11_5 pref MM8_5
MM11_5 pref MM9_5
MM11_5 pref MM5_5
MM11_5 pref MM4_5
MM1_5 pref MM9_5
MM1_5 pref MM4_5
MM1_5 pref MM5_5
MM1_5 pref MM8_5
MM3_5 pref MM5_5
MM3_5 pref MM4_5
MM3_5 pref MM8_5
MM3_5 pref MM9_5
MM9_5 propose #0
MM9_5 match MM10_5
MM8_5 propose #0
MM8_5 match MM11_5
MM4_5 propose #0
MM5_5 propose #0
MM5_5 match MM3_5
MM4_5 propose #1
MM4_5 match MM1_5
[matching result]
MM10_5 <-> MM9_5
MM11_5 <-> MM8_5
MM1_5 <-> MM4_5
MM3_5 <-> MM5_5
p-network: 
MM18_3
MM19_3
n-network: 
MM17_3
MM16_3

MM18_3 MM17_3 -2
MM18_3 MM16_3 -3
MM19_3 MM17_3 -3
MM19_3 MM16_3 0
MM17_3 pref MM18_3
MM17_3 pref MM19_3
MM16_3 pref MM19_3
MM16_3 pref MM18_3
MM18_3 pref MM17_3
MM18_3 pref MM16_3
MM19_3 pref MM16_3
MM19_3 pref MM17_3
MM17_3 propose #0
MM17_3 match MM18_3
MM16_3 propose #0
MM16_3 match MM19_3
[matching result]
MM18_3 <-> MM17_3
MM19_3 <-> MM16_3
p-network: 
MM22_1
MM22_5
n-network: 
MM23_1
MM23_5

MM22_1 MM23_1 2
MM22_1 MM23_5 2
MM22_5 MM23_1 2
MM22_5 MM23_5 2
MM23_1 pref MM22_1
MM23_1 pref MM22_5
MM23_5 pref MM22_1
MM23_5 pref MM22_5
MM22_1 pref MM23_1
MM22_1 pref MM23_5
MM22_5 pref MM23_1
MM22_5 pref MM23_5
MM23_1 propose #0
MM23_1 match MM22_1
MM23_5 propose #0
MM23_5 propose #1
MM23_5 match MM22_5
[matching result]
MM22_1 <-> MM23_1
MM22_5 <-> MM23_5
p-network: 
MM25_5
n-network: 
MM24_5

MM25_5 MM24_5 2
MM24_5 pref MM25_5
MM25_5 pref MM24_5
MM24_5 propose #0
MM24_5 match MM25_5
[matching result]
MM25_5 <-> MM24_5
p-network: 
MM18_2
MM19_2
n-network: 
MM17_2
MM16_2

MM18_2 MM17_2 -2
MM18_2 MM16_2 -3
MM19_2 MM17_2 -3
MM19_2 MM16_2 0
MM17_2 pref MM18_2
MM17_2 pref MM19_2
MM16_2 pref MM19_2
MM16_2 pref MM18_2
MM18_2 pref MM17_2
MM18_2 pref MM16_2
MM19_2 pref MM16_2
MM19_2 pref MM17_2
MM17_2 propose #0
MM17_2 match MM18_2
MM16_2 propose #0
MM16_2 match MM19_2
[matching result]
MM18_2 <-> MM17_2
MM19_2 <-> MM16_2
p-network: 
MM18_1
MM19_1
n-network: 
MM17_1
MM16_1

MM18_1 MM17_1 -2
MM18_1 MM16_1 -3
MM19_1 MM17_1 -3
MM19_1 MM16_1 0
MM17_1 pref MM18_1
MM17_1 pref MM19_1
MM16_1 pref MM19_1
MM16_1 pref MM18_1
MM18_1 pref MM17_1
MM18_1 pref MM16_1
MM19_1 pref MM16_1
MM19_1 pref MM17_1
MM17_1 propose #0
MM17_1 match MM18_1
MM16_1 propose #0
MM16_1 match MM19_1
[matching result]
MM18_1 <-> MM17_1
MM19_1 <-> MM16_1
p-network: 
MM25_1
n-network: 
MM24_1

MM25_1 MM24_1 2
MM24_1 pref MM25_1
MM25_1 pref MM24_1
MM24_1 propose #0
MM24_1 match MM25_1
[matching result]
MM25_1 <-> MM24_1
p-network: 
MM15_7
n-network: 
MM14_7

MM15_7 MM14_7 2
MM14_7 pref MM15_7
MM15_7 pref MM14_7
MM14_7 propose #0
MM14_7 match MM15_7
[matching result]
MM15_7 <-> MM14_7
p-network: 
MM10_1
MM11_1
MM1_1
MM3_1
n-network: 
MM9_1
MM8_1
MM4_1
MM5_1

MM10_1 MM9_1 -2
MM10_1 MM8_1 -3
MM10_1 MM4_1 -2
MM10_1 MM5_1 -5
MM11_1 MM9_1 -3
MM11_1 MM8_1 0
MM11_1 MM4_1 -5
MM11_1 MM5_1 -4
MM1_1 MM9_1 -2
MM1_1 MM8_1 -5
MM1_1 MM4_1 -2
MM1_1 MM5_1 -3
MM3_1 MM9_1 -5
MM3_1 MM8_1 -4
MM3_1 MM4_1 -3
MM3_1 MM5_1 0
MM9_1 pref MM10_1
MM9_1 pref MM1_1
MM9_1 pref MM11_1
MM9_1 pref MM3_1
MM8_1 pref MM11_1
MM8_1 pref MM10_1
MM8_1 pref MM3_1
MM8_1 pref MM1_1
MM4_1 pref MM10_1
MM4_1 pref MM1_1
MM4_1 pref MM3_1
MM4_1 pref MM11_1
MM5_1 pref MM3_1
MM5_1 pref MM1_1
MM5_1 pref MM11_1
MM5_1 pref MM10_1
MM10_1 pref MM9_1
MM10_1 pref MM4_1
MM10_1 pref MM8_1
MM10_1 pref MM5_1
MM11_1 pref MM8_1
MM11_1 pref MM9_1
MM11_1 pref MM5_1
MM11_1 pref MM4_1
MM1_1 pref MM9_1
MM1_1 pref MM4_1
MM1_1 pref MM5_1
MM1_1 pref MM8_1
MM3_1 pref MM5_1
MM3_1 pref MM4_1
MM3_1 pref MM8_1
MM3_1 pref MM9_1
MM9_1 propose #0
MM9_1 match MM10_1
MM8_1 propose #0
MM8_1 match MM11_1
MM4_1 propose #0
MM5_1 propose #0
MM5_1 match MM3_1
MM4_1 propose #1
MM4_1 match MM1_1
[matching result]
MM10_1 <-> MM9_1
MM11_1 <-> MM8_1
MM1_1 <-> MM4_1
MM3_1 <-> MM5_1
p-network: 
MM7_5
n-network: 
MM6_5

MM7_5 MM6_5 2
MM6_5 pref MM7_5
MM7_5 pref MM6_5
MM6_5 propose #0
MM6_5 match MM7_5
[matching result]
MM7_5 <-> MM6_5
p-network: 
MM10_3
MM11_3
MM1_3
MM3_3
n-network: 
MM9_3
MM8_3
MM4_3
MM5_3

MM10_3 MM9_3 -2
MM10_3 MM8_3 -3
MM10_3 MM4_3 -2
MM10_3 MM5_3 -5
MM11_3 MM9_3 -3
MM11_3 MM8_3 0
MM11_3 MM4_3 -5
MM11_3 MM5_3 -4
MM1_3 MM9_3 -2
MM1_3 MM8_3 -5
MM1_3 MM4_3 -2
MM1_3 MM5_3 -3
MM3_3 MM9_3 -5
MM3_3 MM8_3 -4
MM3_3 MM4_3 -3
MM3_3 MM5_3 0
MM9_3 pref MM10_3
MM9_3 pref MM1_3
MM9_3 pref MM11_3
MM9_3 pref MM3_3
MM8_3 pref MM11_3
MM8_3 pref MM10_3
MM8_3 pref MM3_3
MM8_3 pref MM1_3
MM4_3 pref MM10_3
MM4_3 pref MM1_3
MM4_3 pref MM3_3
MM4_3 pref MM11_3
MM5_3 pref MM3_3
MM5_3 pref MM1_3
MM5_3 pref MM11_3
MM5_3 pref MM10_3
MM10_3 pref MM9_3
MM10_3 pref MM4_3
MM10_3 pref MM8_3
MM10_3 pref MM5_3
MM11_3 pref MM8_3
MM11_3 pref MM9_3
MM11_3 pref MM5_3
MM11_3 pref MM4_3
MM1_3 pref MM9_3
MM1_3 pref MM4_3
MM1_3 pref MM5_3
MM1_3 pref MM8_3
MM3_3 pref MM5_3
MM3_3 pref MM4_3
MM3_3 pref MM8_3
MM3_3 pref MM9_3
MM9_3 propose #0
MM9_3 match MM10_3
MM8_3 propose #0
MM8_3 match MM11_3
MM4_3 propose #0
MM5_3 propose #0
MM5_3 match MM3_3
MM4_3 propose #1
MM4_3 match MM1_3
[matching result]
MM10_3 <-> MM9_3
MM11_3 <-> MM8_3
MM1_3 <-> MM4_3
MM3_3 <-> MM5_3
p-network: 
MM25_2
n-network: 
MM24_2

MM25_2 MM24_2 2
MM24_2 pref MM25_2
MM25_2 pref MM24_2
MM24_2 propose #0
MM24_2 match MM25_2
[matching result]
MM25_2 <-> MM24_2
p-network: 
MM25_3
n-network: 
MM24_3

MM25_3 MM24_3 2
MM24_3 pref MM25_3
MM25_3 pref MM24_3
MM24_3 propose #0
MM24_3 match MM25_3
[matching result]
MM25_3 <-> MM24_3
p-network: 
MM25_6
n-network: 
MM24_6

MM25_6 MM24_6 2
MM24_6 pref MM25_6
MM25_6 pref MM24_6
MM24_6 propose #0
MM24_6 match MM25_6
[matching result]
MM25_6 <-> MM24_6
p-network: 
MM7_8
n-network: 
MM6_8

MM7_8 MM6_8 2
MM6_8 pref MM7_8
MM7_8 pref MM6_8
MM6_8 propose #0
MM6_8 match MM7_8
[matching result]
MM7_8 <-> MM6_8
p-network: 
MM25_4
n-network: 
MM24_4

MM25_4 MM24_4 2
MM24_4 pref MM25_4
MM25_4 pref MM24_4
MM24_4 propose #0
MM24_4 match MM25_4
[matching result]
MM25_4 <-> MM24_4
p-network: 
MM25_7
n-network: 
MM24_7

MM25_7 MM24_7 2
MM24_7 pref MM25_7
MM25_7 pref MM24_7
MM24_7 propose #0
MM24_7 match MM25_7
[matching result]
MM25_7 <-> MM24_7
p-network: 
MM7_2
n-network: 
MM6_2

MM7_2 MM6_2 2
MM6_2 pref MM7_2
MM7_2 pref MM6_2
MM6_2 propose #0
MM6_2 match MM7_2
[matching result]
MM7_2 <-> MM6_2
p-network: 
MM15_1
n-network: 
MM14_1

MM15_1 MM14_1 2
MM14_1 pref MM15_1
MM15_1 pref MM14_1
MM14_1 propose #0
MM14_1 match MM15_1
[matching result]
MM15_1 <-> MM14_1
p-network: 
MM15_3
n-network: 
MM14_3

MM15_3 MM14_3 2
MM14_3 pref MM15_3
MM15_3 pref MM14_3
MM14_3 propose #0
MM14_3 match MM15_3
[matching result]
MM15_3 <-> MM14_3
p-network: 
MM7_3
n-network: 
MM6_3

MM7_3 MM6_3 2
MM6_3 pref MM7_3
MM7_3 pref MM6_3
MM6_3 propose #0
MM6_3 match MM7_3
[matching result]
MM7_3 <-> MM6_3
p-network: 
MM15_2
n-network: 
MM14_2

MM15_2 MM14_2 2
MM14_2 pref MM15_2
MM15_2 pref MM14_2
MM14_2 propose #0
MM14_2 match MM15_2
[matching result]
MM15_2 <-> MM14_2
p-network: 
MM10_2
MM11_2
MM1_2
MM3_2
n-network: 
MM9_2
MM8_2
MM4_2
MM5_2

MM10_2 MM9_2 -2
MM10_2 MM8_2 -3
MM10_2 MM4_2 -2
MM10_2 MM5_2 -5
MM11_2 MM9_2 -3
MM11_2 MM8_2 0
MM11_2 MM4_2 -5
MM11_2 MM5_2 -4
MM1_2 MM9_2 -2
MM1_2 MM8_2 -5
MM1_2 MM4_2 -2
MM1_2 MM5_2 -3
MM3_2 MM9_2 -5
MM3_2 MM8_2 -4
MM3_2 MM4_2 -3
MM3_2 MM5_2 0
MM9_2 pref MM10_2
MM9_2 pref MM1_2
MM9_2 pref MM11_2
MM9_2 pref MM3_2
MM8_2 pref MM11_2
MM8_2 pref MM10_2
MM8_2 pref MM3_2
MM8_2 pref MM1_2
MM4_2 pref MM10_2
MM4_2 pref MM1_2
MM4_2 pref MM3_2
MM4_2 pref MM11_2
MM5_2 pref MM3_2
MM5_2 pref MM1_2
MM5_2 pref MM11_2
MM5_2 pref MM10_2
MM10_2 pref MM9_2
MM10_2 pref MM4_2
MM10_2 pref MM8_2
MM10_2 pref MM5_2
MM11_2 pref MM8_2
MM11_2 pref MM9_2
MM11_2 pref MM5_2
MM11_2 pref MM4_2
MM1_2 pref MM9_2
MM1_2 pref MM4_2
MM1_2 pref MM5_2
MM1_2 pref MM8_2
MM3_2 pref MM5_2
MM3_2 pref MM4_2
MM3_2 pref MM8_2
MM3_2 pref MM9_2
MM9_2 propose #0
MM9_2 match MM10_2
MM8_2 propose #0
MM8_2 match MM11_2
MM4_2 propose #0
MM5_2 propose #0
MM5_2 match MM3_2
MM4_2 propose #1
MM4_2 match MM1_2
[matching result]
MM10_2 <-> MM9_2
MM11_2 <-> MM8_2
MM1_2 <-> MM4_2
MM3_2 <-> MM5_2
p-network: 
MM18_4
MM19_4
n-network: 
MM17_4
MM16_4

MM18_4 MM17_4 -2
MM18_4 MM16_4 -3
MM19_4 MM17_4 -3
MM19_4 MM16_4 0
MM17_4 pref MM18_4
MM17_4 pref MM19_4
MM16_4 pref MM19_4
MM16_4 pref MM18_4
MM18_4 pref MM17_4
MM18_4 pref MM16_4
MM19_4 pref MM16_4
MM19_4 pref MM17_4
MM17_4 propose #0
MM17_4 match MM18_4
MM16_4 propose #0
MM16_4 match MM19_4
[matching result]
MM18_4 <-> MM17_4
MM19_4 <-> MM16_4
p-network: 
MM15_4
n-network: 
MM14_4

MM15_4 MM14_4 2
MM14_4 pref MM15_4
MM15_4 pref MM14_4
MM14_4 propose #0
MM14_4 match MM15_4
[matching result]
MM15_4 <-> MM14_4
p-network: 
MM10_8
MM11_8
MM1_8
MM3_8
n-network: 
MM9_8
MM8_8
MM4_8
MM5_8

MM10_8 MM9_8 -2
MM10_8 MM8_8 -3
MM10_8 MM4_8 -2
MM10_8 MM5_8 -5
MM11_8 MM9_8 -3
MM11_8 MM8_8 0
MM11_8 MM4_8 -5
MM11_8 MM5_8 -4
MM1_8 MM9_8 -2
MM1_8 MM8_8 -5
MM1_8 MM4_8 -2
MM1_8 MM5_8 -3
MM3_8 MM9_8 -5
MM3_8 MM8_8 -4
MM3_8 MM4_8 -3
MM3_8 MM5_8 0
MM9_8 pref MM10_8
MM9_8 pref MM1_8
MM9_8 pref MM11_8
MM9_8 pref MM3_8
MM8_8 pref MM11_8
MM8_8 pref MM10_8
MM8_8 pref MM3_8
MM8_8 pref MM1_8
MM4_8 pref MM10_8
MM4_8 pref MM1_8
MM4_8 pref MM3_8
MM4_8 pref MM11_8
MM5_8 pref MM3_8
MM5_8 pref MM1_8
MM5_8 pref MM11_8
MM5_8 pref MM10_8
MM10_8 pref MM9_8
MM10_8 pref MM4_8
MM10_8 pref MM8_8
MM10_8 pref MM5_8
MM11_8 pref MM8_8
MM11_8 pref MM9_8
MM11_8 pref MM5_8
MM11_8 pref MM4_8
MM1_8 pref MM9_8
MM1_8 pref MM4_8
MM1_8 pref MM5_8
MM1_8 pref MM8_8
MM3_8 pref MM5_8
MM3_8 pref MM4_8
MM3_8 pref MM8_8
MM3_8 pref MM9_8
MM9_8 propose #0
MM9_8 match MM10_8
MM8_8 propose #0
MM8_8 match MM11_8
MM4_8 propose #0
MM5_8 propose #0
MM5_8 match MM3_8
MM4_8 propose #1
MM4_8 match MM1_8
[matching result]
MM10_8 <-> MM9_8
MM11_8 <-> MM8_8
MM1_8 <-> MM4_8
MM3_8 <-> MM5_8
p-network: 
MM7_4
n-network: 
MM6_4

MM7_4 MM6_4 2
MM6_4 pref MM7_4
MM7_4 pref MM6_4
MM6_4 propose #0
MM6_4 match MM7_4
[matching result]
MM7_4 <-> MM6_4
p-network: 
MM7_1
n-network: 
MM6_1

MM7_1 MM6_1 2
MM6_1 pref MM7_1
MM7_1 pref MM6_1
MM6_1 propose #0
MM6_1 match MM7_1
[matching result]
MM7_1 <-> MM6_1
pairs: 
MM7_1 MM6_1
MM1_8 MM4_8
MM11_8 MM8_8
MM10_8 MM9_8
MM15_4 MM14_4
MM19_4 MM16_4
MM18_4 MM17_4
MM3_2 MM5_2
MM11_2 MM8_2
MM3_8 MM5_8
MM15_2 MM14_2
MM7_3 MM6_3
MM15_3 MM14_3
MM7_2 MM6_2
MM25_7 MM24_7
MM25_3 MM24_3
MM25_2 MM24_2
MM1_2 MM4_2
MM7_6 MM6_6
MM1_3 MM4_3
MM11_7 MM8_7
MM10_7 MM9_7
MM18_6 MM17_6
MM15_6 MM14_6
MM1_6 MM4_6
MM7_7 MM6_7
MM19_5 MM16_5
MM3_7 MM5_7
MM15_8 MM14_8
MM11_6 MM8_6
MM13_5 MM12_5
MM15_5 MM14_5
MM10_2 MM9_2
MM13_6 MM12_6
MM18_5 MM17_5
MM3_4 MM5_4
MM13_2 MM12_2
MM10_6 MM9_6
MM3_6 MM5_6
MM13_7 MM12_7
MM19_6 MM16_6
MM13_3 MM12_3
MM18_7 MM17_7
MM18_8 MM17_8
MM13_4 MM12_4
MM3_5 MM5_5
MM18_3 MM17_3
MM19_2 MM16_2
MM1_1 MM4_1
MM19_8 MM16_8
MM1_7 MM4_7
MM25_5 MM24_5
MM19_7 MM16_7
MM25_8 MM24_8
MM18_1 MM17_1
MM10_4 MM9_4
MM19_1 MM16_1
MM11_4 MM8_4
MM15_1 MM14_1
MM1_4 MM4_4
MM10_5 MM9_5
MM13_8 MM12_8
MM10_1 MM9_1
MM11_5 MM8_5
MM11_1 MM8_1
MM1_5 MM4_5
MM19_3 MM16_3
MM7_8 MM6_8
MM22_1 MM23_1
MM25_4 MM24_4
MM21_1 MM20_1
MM22_5 MM23_5
MM25_6 MM24_6
MM18_2 MM17_2
MM3_1 MM5_1
MM7_4 MM6_4
MM25_1 MM24_1
MM15_7 MM14_7
MM7_5 MM6_5
MM10_3 MM9_3
MM11_3 MM8_3
MM13_1 MM12_1
MM3_3 MM5_3
[folding_shape_generation]
[placement]
total_finger: 91
expected #row: 8
output mos: MM25_1
output mos: MM25_2
output mos: MM25_3
output mos: MM25_4
output mos: MM25_5
output mos: MM25_6
output mos: MM25_7
output mos: MM25_8
input mos: MM21_1
input mos: MM3_1
input mos: MM3_2
input mos: MM3_3
input mos: MM3_4
input mos: MM3_5
input mos: MM3_6
input mos: MM3_7
input mos: MM3_8
[ungrouped_pmos]
MM19_1
MM18_1
MM15_1
MM13_1
MM7_1
MM11_1
MM10_1
MM22_1
MM1_1
MM3_1
MM21_1
MM19_2
MM18_2
MM15_2
MM13_2
MM7_2
MM11_2
MM10_2
MM1_2
MM3_2
MM19_3
MM18_3
MM15_3
MM13_3
MM7_3
MM11_3
MM10_3
MM1_3
MM3_3
MM19_4
MM18_4
MM15_4
MM13_4
MM7_4
MM11_4
MM10_4
MM1_4
MM3_4
MM19_5
MM18_5
MM15_5
MM13_5
MM7_5
MM11_5
MM10_5
MM22_5
MM1_5
MM3_5
MM19_6
MM18_6
MM15_6
MM13_6
MM7_6
MM11_6
MM10_6
MM1_6
MM3_6
MM19_7
MM18_7
MM15_7
MM13_7
MM7_7
MM11_7
MM10_7
MM1_7
MM3_7
MM19_8
MM18_8
MM15_8
MM13_8
MM7_8
MM11_8
MM10_8
MM1_8
MM3_8
group: 
MM25_1
MM18_1
MM13_1
MM15_1
MM19_1
MM7_1
MM1_1
MM11_1
MM1_6
MM3_1
MM3_6
hello group_placement
target_area: 12
BFS Time taken : 0.0130739
Time taken : 0.0131509 seconds
target_area: 13
BFS Time taken : 0.806578
bfs total time: 0.819652
dfs total time: 3.3399e-05
number of cell: 288
group: 
MM25_2
MM18_2
MM13_2
MM22_1
MM21_1
MM15_2
MM10_2
MM7_2
MM11_2
MM19_2
MM3_2
hello group_placement
target_area: 12
BFS Time taken : 0.0213866
Time taken : 0.0215144 seconds
target_area: 13
BFS Time taken : 2.50303
Time taken : 2.50357 seconds
target_area: 14
BFS Time taken : 0.792283
Time taken : 22.7812 seconds
bfs total time: 3.3167
dfs total time: 21.989
number of cell: 14400
group: 
MM25_3
MM18_3
MM13_3
MM15_3
MM19_3
MM7_3
MM10_3
MM1_3
MM11_3
MM3_3
MM19_6
hello group_placement
target_area: 12
BFS Time taken : 0.0212918
bfs total time: 0.0212918
dfs total time: 0
number of cell: 48
group: 
MM25_4
MM18_4
MM13_4
MM15_4
MM19_4
MM7_4
MM10_4
MM1_4
MM11_4
MM3_4
hello group_placement
target_area: 11
BFS Time taken : 0.0140036
bfs total time: 0.0140036
dfs total time: 0
number of cell: 48
group: 
MM25_5
MM18_5
MM13_5
MM15_5
MM19_5
MM7_5
MM10_5
MM1_5
MM11_5
MM3_5
hello group_placement
target_area: 11
BFS Time taken : 0.0167057
bfs total time: 0.0167057
dfs total time: 0
number of cell: 48
group: 
MM25_6
MM18_6
MM13_6
MM22_5
MM15_6
MM10_1
MM1_2
MM10_6
MM7_6
MM11_6
hello group_placement
target_area: 11
BFS Time taken : 0.00423676
Time taken : 0.00574866 seconds
target_area: 12
BFS Time taken : 0.149636
Time taken : 0.152215 seconds
target_area: 13
BFS Time taken : 3.80558
Time taken : 3.80568 seconds
target_area: 14
BFS Time taken : 4.6468
Time taken : 73.5525 seconds
bfs total time: 8.60626
dfs total time: 68.899
number of cell: 9216
group: 
MM25_7
MM18_7
MM13_7
MM15_7
MM19_7
MM7_7
MM10_7
MM1_7
MM11_7
MM3_7
hello group_placement
target_area: 11
BFS Time taken : 0.0170259
bfs total time: 0.0170259
dfs total time: 0
number of cell: 48
group: 
MM25_8
MM18_8
MM13_8
MM15_8
MM19_8
MM7_8
MM10_8
MM1_8
MM11_8
MM3_8
hello group_placement
target_area: 11
BFS Time taken : 0.0148704
bfs total time: 0.0148704
dfs total time: 0
number of cell: 48
HPML: 1
HPML: 0
HPML: 1673896432
HPML: 1738436128
HPML: 0
HPML: 0
HPML: 0
HPML: 0
Set 1 intersecting elements: clkn clkb net15_1 pd3_1 pd2_1 net15_6 
Set 2 intersecting elements: clkn clkb net15_2 pd1_2 pu1_2 
Set 3 intersecting elements: clkn clkb pd5_6 net37_6 pd4_6 
Set 4 intersecting elements: clkn clkb 
Set 5 intersecting elements: clkn clkb 
Set 6 intersecting elements: clkn clkb net15_1 pd3_1 pd2_1 net15_2 pd1_2 pu1_2 pd5_6 net37_6 net15_6 pd4_6 
Set 7 intersecting elements: clkn clkb 
Set 8 intersecting elements: clkn clkb 
Row 0: 
hello print_shape
MM4_6   MM5_6   MM5_1   MM4_1           MM8_1   MM6_1   MM12_1  MM17_1  MM16_1  MM24_1  MM24_1  MM14_1  
--
MM1_6   MM3_6   MM3_1   MM1_1           MM11_1  MM7_1   MM13_1  MM18_1  MM19_1  MM25_1  MM25_1  MM15_1  
net15_6 clkn    pd1_6   pd1_6   D6      VSS     VSS     D1      pd1_1   pd1_1   clkn    net15_1 ------------------------pd3_1   net29_1 VSS     VSS     net15_1 net29_1 net29_1 clkb    net32_1 net32_1 clkn    pd5_1   pd5_1   net37_1 VSS     VSS     net32_1 QN1     QN1     net32_1 VSS     VSS     net32_1 net37_1 
--
net15_6 clkb    pu1_6   pu1_6   D6      VDD     VDD     D1      pu1_1   pu1_1   clkb    net15_1 ------------------------pd2_1   net29_1 VDD     VDD     net15_1 net29_1 net29_1 clkn    net32_1 net32_1 clkb    pd4_1   pd4_1   net37_1 VDD     VDD     net32_1 QN1     QN1     net32_1 VDD     VDD     net32_1 net37_1 
net15_6 clkn    pd1_6   D6      VSS     D1      pd1_1   clkn    net15_1 Null    pd3_1   net29_1 VSS     net15_1 net29_1 clkb    net32_1 clkn    pd5_1   net37_1 VSS     net32_1 QN1     net32_1 VSS     net32_1 net37_1 

net15_6 clkb    pu1_6   D6      VDD     D1      pu1_1   clkb    net15_1 Null    pd2_1   net29_1 VDD     net15_1 net29_1 clkn    net32_1 clkb    pd4_1   net37_1 VDD     net32_1 QN1     net32_1 VDD     net32_1 net37_1 

HSP: 80
HCD: 3
Row 1: 
hello print_shape
MM5_2   MM24_2  MM24_2  MM14_2          MM16_2  MM17_2  MM12_2  MM6_2   MM8_2   MM9_2           MM23_1  MM20_1  
--
MM3_2   MM25_2  MM25_2  MM15_2          MM19_2  MM18_2  MM13_2  MM7_2   MM11_2  MM10_2          MM22_1  MM21_1  
pd1_2   D2      VSS     VSS     net32_2 QN2     QN2     net32_2 VSS     VSS     net32_2 net37_2 ------------------------VSS     net37_2 pd5_2   pd5_2   clkn    net32_2 net32_2 clkb    net29_2 net29_2 net15_2 VSS     VSS     net29_2 pd3_2   pd3_2   clkb    net15_2 ------------------------clkb    clkn    VSS     VSS     CLK     clkn    
--
pu1_2   D2      VDD     VDD     net32_2 QN2     QN2     net32_2 VDD     VDD     net32_2 net37_2 ------------------------VDD     net37_2 pd4_2   pd4_2   clkb    net32_2 net32_2 clkn    net29_2 net29_2 net15_2 VDD     VDD     net29_2 pd2_2   pd2_2   clkn    net15_2 ------------------------clkb    clkn    VDD     VDD     CLK     clkn    
pd1_2   D2      VSS     net32_2 QN2     net32_2 VSS     net32_2 net37_2 Null    VSS     net37_2 pd5_2   clkn    net32_2 clkb    net29_2 net15_2 VSS     net29_2 pd3_2   clkb    net15_2 Null    clkb    clkn    VSS     CLK     clkn    

pu1_2   D2      VDD     net32_2 QN2     net32_2 VDD     net32_2 net37_2 Null    VDD     net37_2 pd4_2   clkb    net32_2 clkn    net29_2 net15_2 VDD     net29_2 pd2_2   clkn    net15_2 Null    clkb    clkn    VDD     CLK     clkn    

HSP: 92
HCD: 4
Row 2: 
hello print_shape
MM16_6  MM5_3   MM4_3   MM9_3   MM8_3   MM6_3   MM12_3  MM17_3  MM16_3  MM24_3  MM24_3  MM14_3  
--
MM19_6  MM3_3   MM1_3   MM10_3  MM11_3  MM7_3   MM13_3  MM18_3  MM19_3  MM25_3  MM25_3  MM15_3  
pd5_6   net37_6 VSS     VSS     D3      pd1_3   pd1_3   clkn    net15_3 net15_3 clkb    pd3_3   pd3_3   net29_3 VSS     VSS     net15_3 net29_3 net29_3 clkb    net32_3 net32_3 clkn    pd5_3   pd5_3   net37_3 VSS     VSS     net32_3 QN3     QN3     net32_3 VSS     VSS     net32_3 net37_3 
--
pd4_6   net37_6 VDD     VDD     D3      pu1_3   pu1_3   clkb    net15_3 net15_3 clkn    pd2_3   pd2_3   net29_3 VDD     VDD     net15_3 net29_3 net29_3 clkn    net32_3 net32_3 clkb    pd4_3   pd4_3   net37_3 VDD     VDD     net32_3 QN3     QN3     net32_3 VDD     VDD     net32_3 net37_3 
pd5_6   net37_6 VSS     D3      pd1_3   clkn    net15_3 clkb    pd3_3   net29_3 VSS     net15_3 net29_3 clkb    net32_3 clkn    pd5_3   net37_3 VSS     net32_3 QN3     net32_3 VSS     net32_3 net37_3 

pd4_6   net37_6 VDD     D3      pu1_3   clkb    net15_3 clkn    pd2_3   net29_3 VDD     net15_3 net29_3 clkn    net32_3 clkb    pd4_3   net37_3 VDD     net32_3 QN3     net32_3 VDD     net32_3 net37_3 

HSP: 80
HCD: 4
Row 3: 
hello print_shape
MM5_4   MM4_4   MM9_4   MM8_4   MM6_4   MM12_4  MM17_4  MM16_4  MM24_4  MM24_4  MM14_4  
--
MM3_4   MM1_4   MM10_4  MM11_4  MM7_4   MM13_4  MM18_4  MM19_4  MM25_4  MM25_4  MM15_4  
VSS     D4      pd1_4   pd1_4   clkn    net15_4 net15_4 clkb    pd3_4   pd3_4   net29_4 VSS     VSS     net15_4 net29_4 net29_4 clkb    net32_4 net32_4 clkn    pd5_4   pd5_4   net37_4 VSS     VSS     net32_4 QN4     QN4     net32_4 VSS     VSS     net32_4 net37_4 
--
VDD     D4      pu1_4   pu1_4   clkb    net15_4 net15_4 clkn    pd2_4   pd2_4   net29_4 VDD     VDD     net15_4 net29_4 net29_4 clkn    net32_4 net32_4 clkb    pd4_4   pd4_4   net37_4 VDD     VDD     net32_4 QN4     QN4     net32_4 VDD     VDD     net32_4 net37_4 
VSS     D4      pd1_4   clkn    net15_4 clkb    pd3_4   net29_4 VSS     net15_4 net29_4 clkb    net32_4 clkn    pd5_4   net37_4 VSS     net32_4 QN4     net32_4 VSS     net32_4 net37_4 

VDD     D4      pu1_4   clkb    net15_4 clkn    pd2_4   net29_4 VDD     net15_4 net29_4 clkn    net32_4 clkb    pd4_4   net37_4 VDD     net32_4 QN4     net32_4 VDD     net32_4 net37_4 

HSP: 80
HCD: 4
Row 4: 
hello print_shape
MM5_5   MM4_5   MM9_5   MM8_5   MM6_5   MM12_5  MM17_5  MM16_5  MM24_5  MM24_5  MM14_5  
--
MM3_5   MM1_5   MM10_5  MM11_5  MM7_5   MM13_5  MM18_5  MM19_5  MM25_5  MM25_5  MM15_5  
VSS     D5      pd1_5   pd1_5   clkn    net15_5 net15_5 clkb    pd3_5   pd3_5   net29_5 VSS     VSS     net15_5 net29_5 net29_5 clkb    net32_5 net32_5 clkn    pd5_5   pd5_5   net37_5 VSS     VSS     net32_5 QN5     QN5     net32_5 VSS     VSS     net32_5 net37_5 
--
VDD     D5      pu1_5   pu1_5   clkb    net15_5 net15_5 clkn    pd2_5   pd2_5   net29_5 VDD     VDD     net15_5 net29_5 net29_5 clkn    net32_5 net32_5 clkb    pd4_5   pd4_5   net37_5 VDD     VDD     net32_5 QN5     QN5     net32_5 VDD     VDD     net32_5 net37_5 
VSS     D5      pd1_5   clkn    net15_5 clkb    pd3_5   net29_5 VSS     net15_5 net29_5 clkb    net32_5 clkn    pd5_5   net37_5 VSS     net32_5 QN5     net32_5 VSS     net32_5 net37_5 

VDD     D5      pu1_5   clkb    net15_5 clkn    pd2_5   net29_5 VDD     net15_5 net29_5 clkn    net32_5 clkb    pd4_5   net37_5 VDD     net32_5 QN5     net32_5 VDD     net32_5 net37_5 

HSP: 80
HCD: 4
Row 5: 
hello print_shape
MM4_2           MM14_6  MM24_6  MM24_6  MM23_5          MM17_6  MM12_6  MM6_6   MM8_6   MM9_6           MM9_1   
--
MM1_2           MM15_6  MM25_6  MM25_6  MM22_5          MM18_6  MM13_6  MM7_6   MM11_6  MM10_6          MM10_1  
pd1_2   clkn    net15_2 ------------------------net37_6 net32_6 VSS     VSS     net32_6 QN6     QN6     net32_6 VSS     VSS     clkn    clkb    ------------------------pd5_6   clkn    net32_6 net32_6 clkb    net29_6 net29_6 net15_6 VSS     VSS     net29_6 pd3_6   pd3_6   clkb    net15_6 ------------------------pd3_1   clkb    net15_1 
--
pu1_2   clkb    net15_2 ------------------------net37_6 net32_6 VDD     VDD     net32_6 QN6     QN6     net32_6 VDD     VDD     clkn    clkb    ------------------------pd4_6   clkb    net32_6 net32_6 clkn    net29_6 net29_6 net15_6 VDD     VDD     net29_6 pd2_6   pd2_6   clkn    net15_6 ------------------------pd2_1   clkn    net15_1 
pd1_2   clkn    net15_2 Null    net37_6 net32_6 VSS     net32_6 QN6     net32_6 VSS     clkn    clkb    Null    pd5_6   clkn    net32_6 clkb    net29_6 net15_6 VSS     net29_6 pd3_6   clkb    net15_6 Null    pd3_1   clkb    net15_1 

pu1_2   clkb    net15_2 Null    net37_6 net32_6 VDD     net32_6 QN6     net32_6 VDD     clkn    clkb    Null    pd4_6   clkb    net32_6 clkn    net29_6 net15_6 VDD     net29_6 pd2_6   clkn    net15_6 Null    pd2_1   clkn    net15_1 

HSP: 97
HCD: 4
Row 6: 
hello print_shape
MM5_7   MM4_7   MM9_7   MM8_7   MM6_7   MM12_7  MM17_7  MM16_7  MM24_7  MM24_7  MM14_7  
--
MM3_7   MM1_7   MM10_7  MM11_7  MM7_7   MM13_7  MM18_7  MM19_7  MM25_7  MM25_7  MM15_7  
VSS     D7      pd1_7   pd1_7   clkn    net15_7 net15_7 clkb    pd3_7   pd3_7   net29_7 VSS     VSS     net15_7 net29_7 net29_7 clkb    net32_7 net32_7 clkn    pd5_7   pd5_7   net37_7 VSS     VSS     net32_7 QN7     QN7     net32_7 VSS     VSS     net32_7 net37_7 
--
VDD     D7      pu1_7   pu1_7   clkb    net15_7 net15_7 clkn    pd2_7   pd2_7   net29_7 VDD     VDD     net15_7 net29_7 net29_7 clkn    net32_7 net32_7 clkb    pd4_7   pd4_7   net37_7 VDD     VDD     net32_7 QN7     QN7     net32_7 VDD     VDD     net32_7 net37_7 
VSS     D7      pd1_7   clkn    net15_7 clkb    pd3_7   net29_7 VSS     net15_7 net29_7 clkb    net32_7 clkn    pd5_7   net37_7 VSS     net32_7 QN7     net32_7 VSS     net32_7 net37_7 

VDD     D7      pu1_7   clkb    net15_7 clkn    pd2_7   net29_7 VDD     net15_7 net29_7 clkn    net32_7 clkb    pd4_7   net37_7 VDD     net32_7 QN7     net32_7 VDD     net32_7 net37_7 

HSP: 80
HCD: 4
Row 7: 
hello print_shape
MM5_8   MM4_8   MM9_8   MM8_8   MM6_8   MM12_8  MM17_8  MM16_8  MM24_8  MM24_8  MM14_8  
--
MM3_8   MM1_8   MM10_8  MM11_8  MM7_8   MM13_8  MM18_8  MM19_8  MM25_8  MM25_8  MM15_8  
VSS     D8      pd1_8   pd1_8   clkn    net15_8 net15_8 clkb    pd3_8   pd3_8   net29_8 VSS     VSS     net15_8 net29_8 net29_8 clkb    net32_8 net32_8 clkn    pd5_8   pd5_8   net37_8 VSS     VSS     net32_8 QN8     QN8     net32_8 VSS     VSS     net32_8 net37_8 
--
VDD     D8      pu1_8   pu1_8   clkb    net15_8 net15_8 clkn    pd2_8   pd2_8   net29_8 VDD     VDD     net15_8 net29_8 net29_8 clkn    net32_8 net32_8 clkb    pd4_8   pd4_8   net37_8 VDD     VDD     net32_8 QN8     QN8     net32_8 VDD     VDD     net32_8 net37_8 
VSS     D8      pd1_8   clkn    net15_8 clkb    pd3_8   net29_8 VSS     net15_8 net29_8 clkb    net32_8 clkn    pd5_8   net37_8 VSS     net32_8 QN8     net32_8 VSS     net32_8 net37_8 

VDD     D8      pu1_8   clkb    net15_8 clkn    pd2_8   net29_8 VDD     net15_8 net29_8 clkn    net32_8 clkb    pd4_8   net37_8 VDD     net32_8 QN8     net32_8 VDD     net32_8 net37_8 

HSP: 80
HCD: 4
hello placement_merging
0 1 2 3 4 5 6 7 0 0 0 0 0 0 0 0 
score: 606
0 1 2 3 4 5 6 7 0 0 0 0 0 1 0 0 
score: 556
0 1 2 3 4 6 5 7 0 0 0 0 0 0 0 0 
score: 520
0 1 2 3 4 6 5 7 0 0 0 0 0 0 1 0 
score: 422
0 1 2 3 5 4 6 7 0 0 0 0 1 0 0 0 
score: 412
0 1 2 3 4 6 5 7 0 0 1 0 0 0 1 0 
score: 392
0 1 2 3 5 4 6 7 0 0 1 0 1 0 0 0 
score: 382
0 1 5 3 2 4 6 7 0 0 1 0 1 0 0 0 
score: 375
0 2 1 3 5 4 6 7 0 0 1 0 1 0 0 0 
score: 369
0 2 5 3 1 4 6 7 0 0 1 0 1 0 0 0 
score: 362
0 3 1 4 2 6 5 7 0 0 1 0 1 0 1 0 
score: 361
0 3 1 4 5 6 2 7 0 0 1 0 1 0 1 0 
score: 354
0 3 5 4 1 6 2 7 0 0 1 0 1 0 1 0 
score: 353
hello print_shape
MM4_6   MM5_6   MM5_1   MM4_1           MM8_1   MM6_1   MM12_1  MM17_1  MM16_1  MM24_1  MM24_1  MM14_1          MM5_4   MM4_4   MM9_4   MM8_4   MM6_4   MM12_4  MM17_4  MM16_4  MM24_4  MM24_4  MM14_4          
MM9_1           MM9_6   MM8_6   MM6_6   MM12_6  MM17_6          MM23_5  MM24_6  MM24_6  MM14_6          MM4_2           MM5_5   MM4_5   MM9_5   MM8_5   MM6_5   MM12_5  MM17_5  MM16_5  MM24_5  MM24_5  MM14_5  
MM20_1  MM23_1          MM9_2   MM8_2   MM6_2   MM12_2  MM17_2  MM16_2          MM14_2  MM24_2  MM24_2  MM5_2           MM5_7   MM4_7   MM9_7   MM8_7   MM6_7   MM12_7  MM17_7  MM16_7  MM24_7  MM24_7  MM14_7  
MM14_3  MM24_3  MM24_3  MM16_3  MM17_3  MM12_3  MM6_3   MM8_3   MM9_3   MM4_3   MM5_3   MM16_6          MM5_8   MM4_8   MM9_8   MM8_8   MM6_8   MM12_8  MM17_8  MM16_8  MM24_8  MM24_8  MM14_8                  
--
MM1_6   MM3_6   MM3_1   MM1_1           MM11_1  MM7_1   MM13_1  MM18_1  MM19_1  MM25_1  MM25_1  MM15_1          MM3_4   MM1_4   MM10_4  MM11_4  MM7_4   MM13_4  MM18_4  MM19_4  MM25_4  MM25_4  MM15_4          
MM10_1          MM10_6  MM11_6  MM7_6   MM13_6  MM18_6          MM22_5  MM25_6  MM25_6  MM15_6          MM1_2           MM3_5   MM1_5   MM10_5  MM11_5  MM7_5   MM13_5  MM18_5  MM19_5  MM25_5  MM25_5  MM15_5  
MM21_1  MM22_1          MM10_2  MM11_2  MM7_2   MM13_2  MM18_2  MM19_2          MM15_2  MM25_2  MM25_2  MM3_2           MM3_7   MM1_7   MM10_7  MM11_7  MM7_7   MM13_7  MM18_7  MM19_7  MM25_7  MM25_7  MM15_7  
MM15_3  MM25_3  MM25_3  MM19_3  MM18_3  MM13_3  MM7_3   MM11_3  MM10_3  MM1_3   MM3_3   MM19_6          MM3_8   MM1_8   MM10_8  MM11_8  MM7_8   MM13_8  MM18_8  MM19_8  MM25_8  MM25_8  MM15_8                  
net15_6 clkn    pd1_6   pd1_6   D6      VSS     VSS     D1      pd1_1   pd1_1   clkn    net15_1 ------------------------pd3_1   net29_1 VSS     VSS     net15_1 net29_1 net29_1 clkb    net32_1 net32_1 clkn    pd5_1   pd5_1   net37_1 VSS     VSS     net32_1 QN1     QN1     net32_1 VSS     VSS     net32_1 net37_1 ------------------------VSS     D4      pd1_4   pd1_4   clkn    net15_4 net15_4 clkb    pd3_4   pd3_4   net29_4 VSS     VSS     net15_4 net29_4 net29_4 clkb    net32_4 net32_4 clkn    pd5_4   pd5_4   net37_4 VSS     VSS     net32_4 QN4     QN4     net32_4 VSS     VSS     net32_4 net37_4 ------------------------
net15_1 clkb    pd3_1   ------------------------net15_6 clkb    pd3_6   pd3_6   net29_6 VSS     VSS     net15_6 net29_6 net29_6 clkb    net32_6 net32_6 clkn    pd5_6   ------------------------clkb    clkn    VSS     VSS     net32_6 QN6     QN6     net32_6 VSS     VSS     net32_6 net37_6 ------------------------net15_2 clkn    pd1_2   ------------------------VSS     D5      pd1_5   pd1_5   clkn    net15_5 net15_5 clkb    pd3_5   pd3_5   net29_5 VSS     VSS     net15_5 net29_5 net29_5 clkb    net32_5 net32_5 clkn    pd5_5   pd5_5   net37_5 VSS     VSS     net32_5 QN5     QN5     net32_5 VSS     VSS     net32_5 net37_5 
clkn    CLK     VSS     VSS     clkn    clkb    ------------------------net15_2 clkb    pd3_2   pd3_2   net29_2 VSS     VSS     net15_2 net29_2 net29_2 clkb    net32_2 net32_2 clkn    pd5_2   pd5_2   net37_2 VSS     ------------------------net37_2 net32_2 VSS     VSS     net32_2 QN2     QN2     net32_2 VSS     VSS     D2      pd1_2   ------------------------VSS     D7      pd1_7   pd1_7   clkn    net15_7 net15_7 clkb    pd3_7   pd3_7   net29_7 VSS     VSS     net15_7 net29_7 net29_7 clkb    net32_7 net32_7 clkn    pd5_7   pd5_7   net37_7 VSS     VSS     net32_7 QN7     QN7     net32_7 VSS     VSS     net32_7 net37_7 
net37_3 net32_3 VSS     VSS     net32_3 QN3     QN3     net32_3 VSS     VSS     net37_3 pd5_3   pd5_3   clkn    net32_3 net32_3 clkb    net29_3 net29_3 net15_3 VSS     VSS     net29_3 pd3_3   pd3_3   clkb    net15_3 net15_3 clkn    pd1_3   pd1_3   D3      VSS     VSS     net37_6 pd5_6   ------------------------VSS     D8      pd1_8   pd1_8   clkn    net15_8 net15_8 clkb    pd3_8   pd3_8   net29_8 VSS     VSS     net15_8 net29_8 net29_8 clkb    net32_8 net32_8 clkn    pd5_8   pd5_8   net37_8 VSS     VSS     net32_8 QN8     QN8     net32_8 VSS     VSS     net32_8 net37_8 ------------------------------------------------
--
net15_6 clkb    pu1_6   pu1_6   D6      VDD     VDD     D1      pu1_1   pu1_1   clkb    net15_1 ------------------------pd2_1   net29_1 VDD     VDD     net15_1 net29_1 net29_1 clkn    net32_1 net32_1 clkb    pd4_1   pd4_1   net37_1 VDD     VDD     net32_1 QN1     QN1     net32_1 VDD     VDD     net32_1 net37_1 ------------------------VDD     D4      pu1_4   pu1_4   clkb    net15_4 net15_4 clkn    pd2_4   pd2_4   net29_4 VDD     VDD     net15_4 net29_4 net29_4 clkn    net32_4 net32_4 clkb    pd4_4   pd4_4   net37_4 VDD     VDD     net32_4 QN4     QN4     net32_4 VDD     VDD     net32_4 net37_4 ------------------------
net15_1 clkn    pd2_1   ------------------------net15_6 clkn    pd2_6   pd2_6   net29_6 VDD     VDD     net15_6 net29_6 net29_6 clkn    net32_6 net32_6 clkb    pd4_6   ------------------------clkb    clkn    VDD     VDD     net32_6 QN6     QN6     net32_6 VDD     VDD     net32_6 net37_6 ------------------------net15_2 clkb    pu1_2   ------------------------VDD     D5      pu1_5   pu1_5   clkb    net15_5 net15_5 clkn    pd2_5   pd2_5   net29_5 VDD     VDD     net15_5 net29_5 net29_5 clkn    net32_5 net32_5 clkb    pd4_5   pd4_5   net37_5 VDD     VDD     net32_5 QN5     QN5     net32_5 VDD     VDD     net32_5 net37_5 
clkn    CLK     VDD     VDD     clkn    clkb    ------------------------net15_2 clkn    pd2_2   pd2_2   net29_2 VDD     VDD     net15_2 net29_2 net29_2 clkn    net32_2 net32_2 clkb    pd4_2   pd4_2   net37_2 VDD     ------------------------net37_2 net32_2 VDD     VDD     net32_2 QN2     QN2     net32_2 VDD     VDD     D2      pu1_2   ------------------------VDD     D7      pu1_7   pu1_7   clkb    net15_7 net15_7 clkn    pd2_7   pd2_7   net29_7 VDD     VDD     net15_7 net29_7 net29_7 clkn    net32_7 net32_7 clkb    pd4_7   pd4_7   net37_7 VDD     VDD     net32_7 QN7     QN7     net32_7 VDD     VDD     net32_7 net37_7 
net37_3 net32_3 VDD     VDD     net32_3 QN3     QN3     net32_3 VDD     VDD     net37_3 pd4_3   pd4_3   clkb    net32_3 net32_3 clkn    net29_3 net29_3 net15_3 VDD     VDD     net29_3 pd2_3   pd2_3   clkn    net15_3 net15_3 clkb    pu1_3   pu1_3   D3      VDD     VDD     net37_6 pd4_6   ------------------------VDD     D8      pu1_8   pu1_8   clkb    net15_8 net15_8 clkn    pd2_8   pd2_8   net29_8 VDD     VDD     net15_8 net29_8 net29_8 clkn    net32_8 net32_8 clkb    pd4_8   pd4_8   net37_8 VDD     VDD     net32_8 QN8     QN8     net32_8 VDD     VDD     net32_8 net37_8 ------------------------------------------------
net15_6 clkn    pd1_6   D6      VSS     D1      pd1_1   clkn    net15_1 Null    pd3_1   net29_1 VSS     net15_1 net29_1 clkb    net32_1 clkn    pd5_1   net37_1 VSS     net32_1 QN1     net32_1 VSS     net32_1 net37_1 Null    VSS     D4      pd1_4   clkn    net15_4 clkb    pd3_4   net29_4 VSS     net15_4 net29_4 clkb    net32_4 clkn    pd5_4   net37_4 VSS     net32_4 QN4     net32_4 VSS     net32_4 net37_4 Null    Null    
net15_1 clkb    pd3_1   Null    net15_6 clkb    pd3_6   net29_6 VSS     net15_6 net29_6 clkb    net32_6 clkn    pd5_6   Null    clkb    clkn    VSS     net32_6 QN6     net32_6 VSS     net32_6 net37_6 Null    net15_2 clkn    pd1_2   Null    VSS     D5      pd1_5   clkn    net15_5 clkb    pd3_5   net29_5 VSS     net15_5 net29_5 clkb    net32_5 clkn    pd5_5   net37_5 VSS     net32_5 QN5     net32_5 VSS     net32_5 net37_5 
clkn    CLK     VSS     clkn    clkb    Null    net15_2 clkb    pd3_2   net29_2 VSS     net15_2 net29_2 clkb    net32_2 clkn    pd5_2   net37_2 VSS     Null    net37_2 net32_2 VSS     net32_2 QN2     net32_2 VSS     D2      pd1_2   Null    VSS     D7      pd1_7   clkn    net15_7 clkb    pd3_7   net29_7 VSS     net15_7 net29_7 clkb    net32_7 clkn    pd5_7   net37_7 VSS     net32_7 QN7     net32_7 VSS     net32_7 net37_7 
net37_3 net32_3 VSS     net32_3 QN3     net32_3 VSS     net37_3 pd5_3   clkn    net32_3 clkb    net29_3 net15_3 VSS     net29_3 pd3_3   clkb    net15_3 clkn    pd1_3   D3      VSS     net37_6 pd5_6   Null    VSS     D8      pd1_8   clkn    net15_8 clkb    pd3_8   net29_8 VSS     net15_8 net29_8 clkb    net32_8 clkn    pd5_8   net37_8 VSS     net32_8 QN8     net32_8 VSS     net32_8 net37_8 Null    Null    Null    Null    

net15_6 clkb    pu1_6   D6      VDD     D1      pu1_1   clkb    net15_1 Null    pd2_1   net29_1 VDD     net15_1 net29_1 clkn    net32_1 clkb    pd4_1   net37_1 VDD     net32_1 QN1     net32_1 VDD     net32_1 net37_1 Null    VDD     D4      pu1_4   clkb    net15_4 clkn    pd2_4   net29_4 VDD     net15_4 net29_4 clkn    net32_4 clkb    pd4_4   net37_4 VDD     net32_4 QN4     net32_4 VDD     net32_4 net37_4 Null    Null    
net15_1 clkn    pd2_1   Null    net15_6 clkn    pd2_6   net29_6 VDD     net15_6 net29_6 clkn    net32_6 clkb    pd4_6   Null    clkb    clkn    VDD     net32_6 QN6     net32_6 VDD     net32_6 net37_6 Null    net15_2 clkb    pu1_2   Null    VDD     D5      pu1_5   clkb    net15_5 clkn    pd2_5   net29_5 VDD     net15_5 net29_5 clkn    net32_5 clkb    pd4_5   net37_5 VDD     net32_5 QN5     net32_5 VDD     net32_5 net37_5 
clkn    CLK     VDD     clkn    clkb    Null    net15_2 clkn    pd2_2   net29_2 VDD     net15_2 net29_2 clkn    net32_2 clkb    pd4_2   net37_2 VDD     Null    net37_2 net32_2 VDD     net32_2 QN2     net32_2 VDD     D2      pu1_2   Null    VDD     D7      pu1_7   clkb    net15_7 clkn    pd2_7   net29_7 VDD     net15_7 net29_7 clkn    net32_7 clkb    pd4_7   net37_7 VDD     net32_7 QN7     net32_7 VDD     net32_7 net37_7 
net37_3 net32_3 VDD     net32_3 QN3     net32_3 VDD     net37_3 pd4_3   clkb    net32_3 clkn    net29_3 net15_3 VDD     net29_3 pd2_3   clkn    net15_3 clkb    pu1_3   D3      VDD     net37_6 pd4_6   Null    VDD     D8      pu1_8   clkb    net15_8 clkn    pd2_8   net29_8 VDD     net15_8 net29_8 clkn    net32_8 clkb    pd4_8   net37_8 VDD     net32_8 QN8     net32_8 VDD     net32_8 net37_8 Null    Null    Null    Null    

area: 104
hpml: 353
#inter-row signals: 12
total density: 4517
cost: 3178
hello print_shape
MM4_6   MM5_6   MM5_1   MM4_1           MM8_1   MM6_1   MM12_1  MM17_1  MM16_1  MM24_1  MM24_1  MM14_1          MM5_4   MM4_4   MM9_4   MM8_4   MM6_4   MM12_4  MM17_4  MM16_4  MM24_4  MM24_4  MM14_4          
MM9_1           MM9_6   MM8_6   MM6_6   MM12_6  MM17_6          MM23_5  MM24_6  MM24_6  MM14_6          MM4_2           MM5_5   MM4_5   MM9_5   MM8_5   MM6_5   MM12_5  MM17_5  MM16_5  MM24_5  MM24_5  MM14_5  
MM20_1  MM23_1          MM9_2   MM8_2   MM6_2   MM12_2  MM17_2  MM16_2          MM14_2  MM24_2  MM24_2  MM5_2           MM5_7   MM4_7   MM9_7   MM8_7   MM6_7   MM12_7  MM17_7  MM16_7  MM24_7  MM24_7  MM14_7  
MM14_3  MM24_3  MM24_3  MM16_3  MM17_3  MM12_3  MM6_3   MM8_3   MM9_3   MM4_3   MM5_3   MM16_6          MM5_8   MM4_8   MM9_8   MM8_8   MM6_8   MM12_8  MM17_8  MM16_8  MM24_8  MM24_8  MM14_8                  
--
MM1_6   MM3_6   MM3_1   MM1_1           MM11_1  MM7_1   MM13_1  MM18_1  MM19_1  MM25_1  MM25_1  MM15_1          MM3_4   MM1_4   MM10_4  MM11_4  MM7_4   MM13_4  MM18_4  MM19_4  MM25_4  MM25_4  MM15_4          
MM10_1          MM10_6  MM11_6  MM7_6   MM13_6  MM18_6          MM22_5  MM25_6  MM25_6  MM15_6          MM1_2           MM3_5   MM1_5   MM10_5  MM11_5  MM7_5   MM13_5  MM18_5  MM19_5  MM25_5  MM25_5  MM15_5  
MM21_1  MM22_1          MM10_2  MM11_2  MM7_2   MM13_2  MM18_2  MM19_2          MM15_2  MM25_2  MM25_2  MM3_2           MM3_7   MM1_7   MM10_7  MM11_7  MM7_7   MM13_7  MM18_7  MM19_7  MM25_7  MM25_7  MM15_7  
MM15_3  MM25_3  MM25_3  MM19_3  MM18_3  MM13_3  MM7_3   MM11_3  MM10_3  MM1_3   MM3_3   MM19_6          MM3_8   MM1_8   MM10_8  MM11_8  MM7_8   MM13_8  MM18_8  MM19_8  MM25_8  MM25_8  MM15_8                  
net15_6 clkn    pd1_6   pd1_6   D6      VSS     VSS     D1      pd1_1   pd1_1   clkn    net15_1 ------------------------pd3_1   net29_1 VSS     VSS     net15_1 net29_1 net29_1 clkb    net32_1 net32_1 clkn    pd5_1   pd5_1   net37_1 VSS     VSS     net32_1 QN1     QN1     net32_1 VSS     VSS     net32_1 net37_1 ------------------------VSS     D4      pd1_4   pd1_4   clkn    net15_4 net15_4 clkb    pd3_4   pd3_4   net29_4 VSS     VSS     net15_4 net29_4 net29_4 clkb    net32_4 net32_4 clkn    pd5_4   pd5_4   net37_4 VSS     VSS     net32_4 QN4     QN4     net32_4 VSS     VSS     net32_4 net37_4 ------------------------
net15_1 clkb    pd3_1   ------------------------net15_6 clkb    pd3_6   pd3_6   net29_6 VSS     VSS     net15_6 net29_6 net29_6 clkb    net32_6 net32_6 clkn    pd5_6   ------------------------clkb    clkn    VSS     VSS     net32_6 QN6     QN6     net32_6 VSS     VSS     net32_6 net37_6 ------------------------net15_2 clkn    pd1_2   ------------------------VSS     D5      pd1_5   pd1_5   clkn    net15_5 net15_5 clkb    pd3_5   pd3_5   net29_5 VSS     VSS     net15_5 net29_5 net29_5 clkb    net32_5 net32_5 clkn    pd5_5   pd5_5   net37_5 VSS     VSS     net32_5 QN5     QN5     net32_5 VSS     VSS     net32_5 net37_5 
clkn    CLK     VSS     VSS     clkn    clkb    ------------------------net15_2 clkb    pd3_2   pd3_2   net29_2 VSS     VSS     net15_2 net29_2 net29_2 clkb    net32_2 net32_2 clkn    pd5_2   pd5_2   net37_2 VSS     ------------------------net37_2 net32_2 VSS     VSS     net32_2 QN2     QN2     net32_2 VSS     VSS     D2      pd1_2   ------------------------VSS     D7      pd1_7   pd1_7   clkn    net15_7 net15_7 clkb    pd3_7   pd3_7   net29_7 VSS     VSS     net15_7 net29_7 net29_7 clkb    net32_7 net32_7 clkn    pd5_7   pd5_7   net37_7 VSS     VSS     net32_7 QN7     QN7     net32_7 VSS     VSS     net32_7 net37_7 
net37_3 net32_3 VSS     VSS     net32_3 QN3     QN3     net32_3 VSS     VSS     net37_3 pd5_3   pd5_3   clkn    net32_3 net32_3 clkb    net29_3 net29_3 net15_3 VSS     VSS     net29_3 pd3_3   pd3_3   clkb    net15_3 net15_3 clkn    pd1_3   pd1_3   D3      VSS     VSS     net37_6 pd5_6   ------------------------VSS     D8      pd1_8   pd1_8   clkn    net15_8 net15_8 clkb    pd3_8   pd3_8   net29_8 VSS     VSS     net15_8 net29_8 net29_8 clkb    net32_8 net32_8 clkn    pd5_8   pd5_8   net37_8 VSS     VSS     net32_8 QN8     QN8     net32_8 VSS     VSS     net32_8 net37_8 ------------------------------------------------
--
net15_6 clkb    pu1_6   pu1_6   D6      VDD     VDD     D1      pu1_1   pu1_1   clkb    net15_1 ------------------------pd2_1   net29_1 VDD     VDD     net15_1 net29_1 net29_1 clkn    net32_1 net32_1 clkb    pd4_1   pd4_1   net37_1 VDD     VDD     net32_1 QN1     QN1     net32_1 VDD     VDD     net32_1 net37_1 ------------------------VDD     D4      pu1_4   pu1_4   clkb    net15_4 net15_4 clkn    pd2_4   pd2_4   net29_4 VDD     VDD     net15_4 net29_4 net29_4 clkn    net32_4 net32_4 clkb    pd4_4   pd4_4   net37_4 VDD     VDD     net32_4 QN4     QN4     net32_4 VDD     VDD     net32_4 net37_4 ------------------------
net15_1 clkn    pd2_1   ------------------------net15_6 clkn    pd2_6   pd2_6   net29_6 VDD     VDD     net15_6 net29_6 net29_6 clkn    net32_6 net32_6 clkb    pd4_6   ------------------------clkb    clkn    VDD     VDD     net32_6 QN6     QN6     net32_6 VDD     VDD     net32_6 net37_6 ------------------------net15_2 clkb    pu1_2   ------------------------VDD     D5      pu1_5   pu1_5   clkb    net15_5 net15_5 clkn    pd2_5   pd2_5   net29_5 VDD     VDD     net15_5 net29_5 net29_5 clkn    net32_5 net32_5 clkb    pd4_5   pd4_5   net37_5 VDD     VDD     net32_5 QN5     QN5     net32_5 VDD     VDD     net32_5 net37_5 
clkn    CLK     VDD     VDD     clkn    clkb    ------------------------net15_2 clkn    pd2_2   pd2_2   net29_2 VDD     VDD     net15_2 net29_2 net29_2 clkn    net32_2 net32_2 clkb    pd4_2   pd4_2   net37_2 VDD     ------------------------net37_2 net32_2 VDD     VDD     net32_2 QN2     QN2     net32_2 VDD     VDD     D2      pu1_2   ------------------------VDD     D7      pu1_7   pu1_7   clkb    net15_7 net15_7 clkn    pd2_7   pd2_7   net29_7 VDD     VDD     net15_7 net29_7 net29_7 clkn    net32_7 net32_7 clkb    pd4_7   pd4_7   net37_7 VDD     VDD     net32_7 QN7     QN7     net32_7 VDD     VDD     net32_7 net37_7 
net37_3 net32_3 VDD     VDD     net32_3 QN3     QN3     net32_3 VDD     VDD     net37_3 pd4_3   pd4_3   clkb    net32_3 net32_3 clkn    net29_3 net29_3 net15_3 VDD     VDD     net29_3 pd2_3   pd2_3   clkn    net15_3 net15_3 clkb    pu1_3   pu1_3   D3      VDD     VDD     net37_6 pd4_6   ------------------------VDD     D8      pu1_8   pu1_8   clkb    net15_8 net15_8 clkn    pd2_8   pd2_8   net29_8 VDD     VDD     net15_8 net29_8 net29_8 clkn    net32_8 net32_8 clkb    pd4_8   pd4_8   net37_8 VDD     VDD     net32_8 QN8     QN8     net32_8 VDD     VDD     net32_8 net37_8 ------------------------------------------------
net15_6 clkn    pd1_6   D6      VSS     D1      pd1_1   clkn    net15_1 Null    pd3_1   net29_1 VSS     net15_1 net29_1 clkb    net32_1 clkn    pd5_1   net37_1 VSS     net32_1 QN1     net32_1 VSS     net32_1 net37_1 Null    VSS     D4      pd1_4   clkn    net15_4 clkb    pd3_4   net29_4 VSS     net15_4 net29_4 clkb    net32_4 clkn    pd5_4   net37_4 VSS     net32_4 QN4     net32_4 VSS     net32_4 net37_4 Null    Null    
net15_1 clkb    pd3_1   Null    net15_6 clkb    pd3_6   net29_6 VSS     net15_6 net29_6 clkb    net32_6 clkn    pd5_6   Null    clkb    clkn    VSS     net32_6 QN6     net32_6 VSS     net32_6 net37_6 Null    net15_2 clkn    pd1_2   Null    VSS     D5      pd1_5   clkn    net15_5 clkb    pd3_5   net29_5 VSS     net15_5 net29_5 clkb    net32_5 clkn    pd5_5   net37_5 VSS     net32_5 QN5     net32_5 VSS     net32_5 net37_5 
clkn    CLK     VSS     clkn    clkb    Null    net15_2 clkb    pd3_2   net29_2 VSS     net15_2 net29_2 clkb    net32_2 clkn    pd5_2   net37_2 VSS     Null    net37_2 net32_2 VSS     net32_2 QN2     net32_2 VSS     D2      pd1_2   Null    VSS     D7      pd1_7   clkn    net15_7 clkb    pd3_7   net29_7 VSS     net15_7 net29_7 clkb    net32_7 clkn    pd5_7   net37_7 VSS     net32_7 QN7     net32_7 VSS     net32_7 net37_7 
net37_3 net32_3 VSS     net32_3 QN3     net32_3 VSS     net37_3 pd5_3   clkn    net32_3 clkb    net29_3 net15_3 VSS     net29_3 pd3_3   clkb    net15_3 clkn    pd1_3   D3      VSS     net37_6 pd5_6   Null    VSS     D8      pd1_8   clkn    net15_8 clkb    pd3_8   net29_8 VSS     net15_8 net29_8 clkb    net32_8 clkn    pd5_8   net37_8 VSS     net32_8 QN8     net32_8 VSS     net32_8 net37_8 Null    Null    Null    Null    

net15_6 clkb    pu1_6   D6      VDD     D1      pu1_1   clkb    net15_1 Null    pd2_1   net29_1 VDD     net15_1 net29_1 clkn    net32_1 clkb    pd4_1   net37_1 VDD     net32_1 QN1     net32_1 VDD     net32_1 net37_1 Null    VDD     D4      pu1_4   clkb    net15_4 clkn    pd2_4   net29_4 VDD     net15_4 net29_4 clkn    net32_4 clkb    pd4_4   net37_4 VDD     net32_4 QN4     net32_4 VDD     net32_4 net37_4 Null    Null    
net15_1 clkn    pd2_1   Null    net15_6 clkn    pd2_6   net29_6 VDD     net15_6 net29_6 clkn    net32_6 clkb    pd4_6   Null    clkb    clkn    VDD     net32_6 QN6     net32_6 VDD     net32_6 net37_6 Null    net15_2 clkb    pu1_2   Null    VDD     D5      pu1_5   clkb    net15_5 clkn    pd2_5   net29_5 VDD     net15_5 net29_5 clkn    net32_5 clkb    pd4_5   net37_5 VDD     net32_5 QN5     net32_5 VDD     net32_5 net37_5 
clkn    CLK     VDD     clkn    clkb    Null    net15_2 clkn    pd2_2   net29_2 VDD     net15_2 net29_2 clkn    net32_2 clkb    pd4_2   net37_2 VDD     Null    net37_2 net32_2 VDD     net32_2 QN2     net32_2 VDD     D2      pu1_2   Null    VDD     D7      pu1_7   clkb    net15_7 clkn    pd2_7   net29_7 VDD     net15_7 net29_7 clkn    net32_7 clkb    pd4_7   net37_7 VDD     net32_7 QN7     net32_7 VDD     net32_7 net37_7 
net37_3 net32_3 VDD     net32_3 QN3     net32_3 VDD     net37_3 pd4_3   clkb    net32_3 clkn    net29_3 net15_3 VDD     net29_3 pd2_3   clkn    net15_3 clkb    pu1_3   D3      VDD     net37_6 pd4_6   Null    VDD     D8      pu1_8   clkb    net15_8 clkn    pd2_8   net29_8 VDD     net15_8 net29_8 clkn    net32_8 clkb    pd4_8   net37_8 VDD     net32_8 QN8     net32_8 VDD     net32_8 net37_8 Null    Null    Null    Null    

[initial] cost: 3178
[epoch 0]
[final result] cost: 3173
area: 104
hpml: 347
#inter-row signals: 12
total density: 4609
cost: 3173
hello print_shape
MM4_6   MM5_6   MM5_1   MM4_1           MM8_1   MM6_1   MM12_1  MM17_1  MM16_1  MM24_1  MM24_1  MM14_1          MM5_4   MM4_4   MM9_4   MM8_4   MM6_4   MM12_4  MM17_4  MM16_4  MM24_4  MM24_4  MM14_4          
MM9_1           MM9_6   MM8_6   MM6_6   MM12_6  MM17_6          MM23_5  MM24_6  MM24_6  MM14_6          MM4_2           MM5_5   MM4_5   MM9_5   MM8_5   MM6_5   MM12_5  MM17_5  MM16_5  MM24_5  MM24_5  MM14_5  
MM20_1  MM23_1          MM9_2   MM8_2   MM6_2   MM12_2  MM17_2  MM16_2          MM14_2  MM24_2  MM24_2  MM5_2           MM5_7   MM4_7   MM9_7   MM8_7   MM6_7   MM12_7  MM17_7  MM16_7  MM24_7  MM24_7  MM14_7  
MM14_3  MM24_3  MM24_3  MM16_3  MM17_3  MM12_3          MM16_6          MM6_3   MM8_3   MM9_3   MM4_3   MM5_3   MM5_8   MM4_8   MM9_8   MM8_8   MM6_8   MM12_8  MM17_8  MM16_8  MM24_8  MM24_8  MM14_8          
--
MM1_6   MM3_6   MM3_1   MM1_1           MM11_1  MM7_1   MM13_1  MM18_1  MM19_1  MM25_1  MM25_1  MM15_1          MM3_4   MM1_4   MM10_4  MM11_4  MM7_4   MM13_4  MM18_4  MM19_4  MM25_4  MM25_4  MM15_4          
MM10_1          MM10_6  MM11_6  MM7_6   MM13_6  MM18_6          MM22_5  MM25_6  MM25_6  MM15_6          MM1_2           MM3_5   MM1_5   MM10_5  MM11_5  MM7_5   MM13_5  MM18_5  MM19_5  MM25_5  MM25_5  MM15_5  
MM21_1  MM22_1          MM10_2  MM11_2  MM7_2   MM13_2  MM18_2  MM19_2          MM15_2  MM25_2  MM25_2  MM3_2           MM3_7   MM1_7   MM10_7  MM11_7  MM7_7   MM13_7  MM18_7  MM19_7  MM25_7  MM25_7  MM15_7  
MM15_3  MM25_3  MM25_3  MM19_3  MM18_3  MM13_3          MM19_6          MM7_3   MM11_3  MM10_3  MM1_3   MM3_3   MM3_8   MM1_8   MM10_8  MM11_8  MM7_8   MM13_8  MM18_8  MM19_8  MM25_8  MM25_8  MM15_8          
net15_6 clkn    pd1_6   pd1_6   D6      VSS     VSS     D1      pd1_1   pd1_1   clkn    net15_1 ------------------------pd3_1   net29_1 VSS     VSS     net15_1 net29_1 net29_1 clkb    net32_1 net32_1 clkn    pd5_1   pd5_1   net37_1 VSS     VSS     net32_1 QN1     QN1     net32_1 VSS     VSS     net32_1 net37_1 ------------------------VSS     D4      pd1_4   pd1_4   clkn    net15_4 net15_4 clkb    pd3_4   pd3_4   net29_4 VSS     VSS     net15_4 net29_4 net29_4 clkb    net32_4 net32_4 clkn    pd5_4   pd5_4   net37_4 VSS     VSS     net32_4 QN4     QN4     net32_4 VSS     VSS     net32_4 net37_4 ------------------------
net15_1 clkb    pd3_1   ------------------------net15_6 clkb    pd3_6   pd3_6   net29_6 VSS     VSS     net15_6 net29_6 net29_6 clkb    net32_6 net32_6 clkn    pd5_6   ------------------------clkb    clkn    VSS     VSS     net32_6 QN6     QN6     net32_6 VSS     VSS     net32_6 net37_6 ------------------------net15_2 clkn    pd1_2   ------------------------VSS     D5      pd1_5   pd1_5   clkn    net15_5 net15_5 clkb    pd3_5   pd3_5   net29_5 VSS     VSS     net15_5 net29_5 net29_5 clkb    net32_5 net32_5 clkn    pd5_5   pd5_5   net37_5 VSS     VSS     net32_5 QN5     QN5     net32_5 VSS     VSS     net32_5 net37_5 
clkn    CLK     VSS     VSS     clkn    clkb    ------------------------net15_2 clkb    pd3_2   pd3_2   net29_2 VSS     VSS     net15_2 net29_2 net29_2 clkb    net32_2 net32_2 clkn    pd5_2   pd5_2   net37_2 VSS     ------------------------net37_2 net32_2 VSS     VSS     net32_2 QN2     QN2     net32_2 VSS     VSS     D2      pd1_2   ------------------------VSS     D7      pd1_7   pd1_7   clkn    net15_7 net15_7 clkb    pd3_7   pd3_7   net29_7 VSS     VSS     net15_7 net29_7 net29_7 clkb    net32_7 net32_7 clkn    pd5_7   pd5_7   net37_7 VSS     VSS     net32_7 QN7     QN7     net32_7 VSS     VSS     net32_7 net37_7 
net37_3 net32_3 VSS     VSS     net32_3 QN3     QN3     net32_3 VSS     VSS     net37_3 pd5_3   pd5_3   clkn    net32_3 net32_3 clkb    net29_3 ------------------------pd5_6   net37_6 VSS     ------------------------net29_3 net15_3 VSS     VSS     net29_3 pd3_3   pd3_3   clkb    net15_3 net15_3 clkn    pd1_3   pd1_3   D3      VSS     VSS     D8      pd1_8   pd1_8   clkn    net15_8 net15_8 clkb    pd3_8   pd3_8   net29_8 VSS     VSS     net15_8 net29_8 net29_8 clkb    net32_8 net32_8 clkn    pd5_8   pd5_8   net37_8 VSS     VSS     net32_8 QN8     QN8     net32_8 VSS     VSS     net32_8 net37_8 ------------------------
--
net15_6 clkb    pu1_6   pu1_6   D6      VDD     VDD     D1      pu1_1   pu1_1   clkb    net15_1 ------------------------pd2_1   net29_1 VDD     VDD     net15_1 net29_1 net29_1 clkn    net32_1 net32_1 clkb    pd4_1   pd4_1   net37_1 VDD     VDD     net32_1 QN1     QN1     net32_1 VDD     VDD     net32_1 net37_1 ------------------------VDD     D4      pu1_4   pu1_4   clkb    net15_4 net15_4 clkn    pd2_4   pd2_4   net29_4 VDD     VDD     net15_4 net29_4 net29_4 clkn    net32_4 net32_4 clkb    pd4_4   pd4_4   net37_4 VDD     VDD     net32_4 QN4     QN4     net32_4 VDD     VDD     net32_4 net37_4 ------------------------
net15_1 clkn    pd2_1   ------------------------net15_6 clkn    pd2_6   pd2_6   net29_6 VDD     VDD     net15_6 net29_6 net29_6 clkn    net32_6 net32_6 clkb    pd4_6   ------------------------clkb    clkn    VDD     VDD     net32_6 QN6     QN6     net32_6 VDD     VDD     net32_6 net37_6 ------------------------net15_2 clkb    pu1_2   ------------------------VDD     D5      pu1_5   pu1_5   clkb    net15_5 net15_5 clkn    pd2_5   pd2_5   net29_5 VDD     VDD     net15_5 net29_5 net29_5 clkn    net32_5 net32_5 clkb    pd4_5   pd4_5   net37_5 VDD     VDD     net32_5 QN5     QN5     net32_5 VDD     VDD     net32_5 net37_5 
clkn    CLK     VDD     VDD     clkn    clkb    ------------------------net15_2 clkn    pd2_2   pd2_2   net29_2 VDD     VDD     net15_2 net29_2 net29_2 clkn    net32_2 net32_2 clkb    pd4_2   pd4_2   net37_2 VDD     ------------------------net37_2 net32_2 VDD     VDD     net32_2 QN2     QN2     net32_2 VDD     VDD     D2      pu1_2   ------------------------VDD     D7      pu1_7   pu1_7   clkb    net15_7 net15_7 clkn    pd2_7   pd2_7   net29_7 VDD     VDD     net15_7 net29_7 net29_7 clkn    net32_7 net32_7 clkb    pd4_7   pd4_7   net37_7 VDD     VDD     net32_7 QN7     QN7     net32_7 VDD     VDD     net32_7 net37_7 
net37_3 net32_3 VDD     VDD     net32_3 QN3     QN3     net32_3 VDD     VDD     net37_3 pd4_3   pd4_3   clkb    net32_3 net32_3 clkn    net29_3 ------------------------pd4_6   net37_6 VDD     ------------------------net29_3 net15_3 VDD     VDD     net29_3 pd2_3   pd2_3   clkn    net15_3 net15_3 clkb    pu1_3   pu1_3   D3      VDD     VDD     D8      pu1_8   pu1_8   clkb    net15_8 net15_8 clkn    pd2_8   pd2_8   net29_8 VDD     VDD     net15_8 net29_8 net29_8 clkn    net32_8 net32_8 clkb    pd4_8   pd4_8   net37_8 VDD     VDD     net32_8 QN8     QN8     net32_8 VDD     VDD     net32_8 net37_8 ------------------------
net15_6 clkn    pd1_6   D6      VSS     D1      pd1_1   clkn    net15_1 Null    pd3_1   net29_1 VSS     net15_1 net29_1 clkb    net32_1 clkn    pd5_1   net37_1 VSS     net32_1 QN1     net32_1 VSS     net32_1 net37_1 Null    VSS     D4      pd1_4   clkn    net15_4 clkb    pd3_4   net29_4 VSS     net15_4 net29_4 clkb    net32_4 clkn    pd5_4   net37_4 VSS     net32_4 QN4     net32_4 VSS     net32_4 net37_4 Null    Null    
net15_1 clkb    pd3_1   Null    net15_6 clkb    pd3_6   net29_6 VSS     net15_6 net29_6 clkb    net32_6 clkn    pd5_6   Null    clkb    clkn    VSS     net32_6 QN6     net32_6 VSS     net32_6 net37_6 Null    net15_2 clkn    pd1_2   Null    VSS     D5      pd1_5   clkn    net15_5 clkb    pd3_5   net29_5 VSS     net15_5 net29_5 clkb    net32_5 clkn    pd5_5   net37_5 VSS     net32_5 QN5     net32_5 VSS     net32_5 net37_5 
clkn    CLK     VSS     clkn    clkb    Null    net15_2 clkb    pd3_2   net29_2 VSS     net15_2 net29_2 clkb    net32_2 clkn    pd5_2   net37_2 VSS     Null    net37_2 net32_2 VSS     net32_2 QN2     net32_2 VSS     D2      pd1_2   Null    VSS     D7      pd1_7   clkn    net15_7 clkb    pd3_7   net29_7 VSS     net15_7 net29_7 clkb    net32_7 clkn    pd5_7   net37_7 VSS     net32_7 QN7     net32_7 VSS     net32_7 net37_7 
net37_3 net32_3 VSS     net32_3 QN3     net32_3 VSS     net37_3 pd5_3   clkn    net32_3 clkb    net29_3 Null    pd5_6   net37_6 VSS     Null    net29_3 net15_3 VSS     net29_3 pd3_3   clkb    net15_3 clkn    pd1_3   D3      VSS     D8      pd1_8   clkn    net15_8 clkb    pd3_8   net29_8 VSS     net15_8 net29_8 clkb    net32_8 clkn    pd5_8   net37_8 VSS     net32_8 QN8     net32_8 VSS     net32_8 net37_8 Null    Null    

net15_6 clkb    pu1_6   D6      VDD     D1      pu1_1   clkb    net15_1 Null    pd2_1   net29_1 VDD     net15_1 net29_1 clkn    net32_1 clkb    pd4_1   net37_1 VDD     net32_1 QN1     net32_1 VDD     net32_1 net37_1 Null    VDD     D4      pu1_4   clkb    net15_4 clkn    pd2_4   net29_4 VDD     net15_4 net29_4 clkn    net32_4 clkb    pd4_4   net37_4 VDD     net32_4 QN4     net32_4 VDD     net32_4 net37_4 Null    Null    
net15_1 clkn    pd2_1   Null    net15_6 clkn    pd2_6   net29_6 VDD     net15_6 net29_6 clkn    net32_6 clkb    pd4_6   Null    clkb    clkn    VDD     net32_6 QN6     net32_6 VDD     net32_6 net37_6 Null    net15_2 clkb    pu1_2   Null    VDD     D5      pu1_5   clkb    net15_5 clkn    pd2_5   net29_5 VDD     net15_5 net29_5 clkn    net32_5 clkb    pd4_5   net37_5 VDD     net32_5 QN5     net32_5 VDD     net32_5 net37_5 
clkn    CLK     VDD     clkn    clkb    Null    net15_2 clkn    pd2_2   net29_2 VDD     net15_2 net29_2 clkn    net32_2 clkb    pd4_2   net37_2 VDD     Null    net37_2 net32_2 VDD     net32_2 QN2     net32_2 VDD     D2      pu1_2   Null    VDD     D7      pu1_7   clkb    net15_7 clkn    pd2_7   net29_7 VDD     net15_7 net29_7 clkn    net32_7 clkb    pd4_7   net37_7 VDD     net32_7 QN7     net32_7 VDD     net32_7 net37_7 
net37_3 net32_3 VDD     net32_3 QN3     net32_3 VDD     net37_3 pd4_3   clkb    net32_3 clkn    net29_3 Null    pd4_6   net37_6 VDD     Null    net29_3 net15_3 VDD     net29_3 pd2_3   clkn    net15_3 clkb    pu1_3   D3      VDD     D8      pu1_8   clkb    net15_8 clkn    pd2_8   net29_8 VDD     net15_8 net29_8 clkn    net32_8 clkb    pd4_8   net37_8 VDD     net32_8 QN8     net32_8 VDD     net32_8 net37_8 Null    Null    

[epoch 1]
[final result] cost: 3103
area: 104
hpml: 324
#inter-row signals: 9
total density: 4492
cost: 3103
hello print_shape
MM4_6   MM5_6   MM5_1   MM4_1   MM9_1   MM8_1   MM6_1   MM12_1  MM17_1  MM16_1  MM24_1  MM24_1  MM14_1          MM5_4   MM4_4   MM9_4   MM8_4   MM6_4   MM12_4  MM17_4  MM16_4  MM24_4  MM24_4  MM14_4          
MM9_6   MM8_6   MM6_6   MM12_6  MM17_6          MM23_5  MM24_6  MM24_6  MM14_6          MM4_2           MM5_5   MM4_5   MM9_5   MM8_5   MM6_5   MM12_5  MM17_5  MM16_5  MM24_5  MM24_5  MM14_5                  
MM20_1  MM23_1          MM9_2   MM8_2   MM6_2   MM12_2  MM17_2  MM16_2          MM14_2  MM24_2  MM24_2  MM5_2           MM5_7   MM4_7   MM9_7   MM8_7   MM6_7   MM12_7  MM17_7  MM16_7  MM24_7  MM24_7  MM14_7  
MM14_3  MM24_3  MM24_3  MM16_3  MM17_3  MM12_3          MM16_6          MM6_3   MM8_3   MM9_3   MM4_3   MM5_3   MM5_8   MM4_8   MM9_8   MM8_8   MM6_8   MM12_8  MM17_8  MM16_8  MM24_8  MM24_8  MM14_8          
--
MM1_6   MM3_6   MM3_1   MM1_1   MM10_1  MM11_1  MM7_1   MM13_1  MM18_1  MM19_1  MM25_1  MM25_1  MM15_1          MM3_4   MM1_4   MM10_4  MM11_4  MM7_4   MM13_4  MM18_4  MM19_4  MM25_4  MM25_4  MM15_4          
MM10_6  MM11_6  MM7_6   MM13_6  MM18_6          MM22_5  MM25_6  MM25_6  MM15_6          MM1_2           MM3_5   MM1_5   MM10_5  MM11_5  MM7_5   MM13_5  MM18_5  MM19_5  MM25_5  MM25_5  MM15_5                  
MM21_1  MM22_1          MM10_2  MM11_2  MM7_2   MM13_2  MM18_2  MM19_2          MM15_2  MM25_2  MM25_2  MM3_2           MM3_7   MM1_7   MM10_7  MM11_7  MM7_7   MM13_7  MM18_7  MM19_7  MM25_7  MM25_7  MM15_7  
MM15_3  MM25_3  MM25_3  MM19_3  MM18_3  MM13_3          MM19_6          MM7_3   MM11_3  MM10_3  MM1_3   MM3_3   MM3_8   MM1_8   MM10_8  MM11_8  MM7_8   MM13_8  MM18_8  MM19_8  MM25_8  MM25_8  MM15_8          
net15_6 clkn    pd1_6   pd1_6   D6      VSS     VSS     D1      pd1_1   pd1_1   clkn    net15_1 net15_1 clkb    pd3_1   pd3_1   net29_1 VSS     VSS     net15_1 net29_1 net29_1 clkb    net32_1 net32_1 clkn    pd5_1   pd5_1   net37_1 VSS     VSS     net32_1 QN1     QN1     net32_1 VSS     VSS     net32_1 net37_1 ------------------------VSS     D4      pd1_4   pd1_4   clkn    net15_4 net15_4 clkb    pd3_4   pd3_4   net29_4 VSS     VSS     net15_4 net29_4 net29_4 clkb    net32_4 net32_4 clkn    pd5_4   pd5_4   net37_4 VSS     VSS     net32_4 QN4     QN4     net32_4 VSS     VSS     net32_4 net37_4 ------------------------
net15_6 clkb    pd3_6   pd3_6   net29_6 VSS     VSS     net15_6 net29_6 net29_6 clkb    net32_6 net32_6 clkn    pd5_6   ------------------------clkb    clkn    VSS     VSS     net32_6 QN6     QN6     net32_6 VSS     VSS     net32_6 net37_6 ------------------------net15_2 clkn    pd1_2   ------------------------VSS     D5      pd1_5   pd1_5   clkn    net15_5 net15_5 clkb    pd3_5   pd3_5   net29_5 VSS     VSS     net15_5 net29_5 net29_5 clkb    net32_5 net32_5 clkn    pd5_5   pd5_5   net37_5 VSS     VSS     net32_5 QN5     QN5     net32_5 VSS     VSS     net32_5 net37_5 ------------------------------------------------
clkn    CLK     VSS     VSS     clkn    clkb    ------------------------net15_2 clkb    pd3_2   pd3_2   net29_2 VSS     VSS     net15_2 net29_2 net29_2 clkb    net32_2 net32_2 clkn    pd5_2   pd5_2   net37_2 VSS     ------------------------net37_2 net32_2 VSS     VSS     net32_2 QN2     QN2     net32_2 VSS     VSS     D2      pd1_2   ------------------------VSS     D7      pd1_7   pd1_7   clkn    net15_7 net15_7 clkb    pd3_7   pd3_7   net29_7 VSS     VSS     net15_7 net29_7 net29_7 clkb    net32_7 net32_7 clkn    pd5_7   pd5_7   net37_7 VSS     VSS     net32_7 QN7     QN7     net32_7 VSS     VSS     net32_7 net37_7 
net37_3 net32_3 VSS     VSS     net32_3 QN3     QN3     net32_3 VSS     VSS     net37_3 pd5_3   pd5_3   clkn    net32_3 net32_3 clkb    net29_3 ------------------------pd5_6   net37_6 VSS     ------------------------net29_3 net15_3 VSS     VSS     net29_3 pd3_3   pd3_3   clkb    net15_3 net15_3 clkn    pd1_3   pd1_3   D3      VSS     VSS     D8      pd1_8   pd1_8   clkn    net15_8 net15_8 clkb    pd3_8   pd3_8   net29_8 VSS     VSS     net15_8 net29_8 net29_8 clkb    net32_8 net32_8 clkn    pd5_8   pd5_8   net37_8 VSS     VSS     net32_8 QN8     QN8     net32_8 VSS     VSS     net32_8 net37_8 ------------------------
--
net15_6 clkb    pu1_6   pu1_6   D6      VDD     VDD     D1      pu1_1   pu1_1   clkb    net15_1 net15_1 clkn    pd2_1   pd2_1   net29_1 VDD     VDD     net15_1 net29_1 net29_1 clkn    net32_1 net32_1 clkb    pd4_1   pd4_1   net37_1 VDD     VDD     net32_1 QN1     QN1     net32_1 VDD     VDD     net32_1 net37_1 ------------------------VDD     D4      pu1_4   pu1_4   clkb    net15_4 net15_4 clkn    pd2_4   pd2_4   net29_4 VDD     VDD     net15_4 net29_4 net29_4 clkn    net32_4 net32_4 clkb    pd4_4   pd4_4   net37_4 VDD     VDD     net32_4 QN4     QN4     net32_4 VDD     VDD     net32_4 net37_4 ------------------------
net15_6 clkn    pd2_6   pd2_6   net29_6 VDD     VDD     net15_6 net29_6 net29_6 clkn    net32_6 net32_6 clkb    pd4_6   ------------------------clkb    clkn    VDD     VDD     net32_6 QN6     QN6     net32_6 VDD     VDD     net32_6 net37_6 ------------------------net15_2 clkb    pu1_2   ------------------------VDD     D5      pu1_5   pu1_5   clkb    net15_5 net15_5 clkn    pd2_5   pd2_5   net29_5 VDD     VDD     net15_5 net29_5 net29_5 clkn    net32_5 net32_5 clkb    pd4_5   pd4_5   net37_5 VDD     VDD     net32_5 QN5     QN5     net32_5 VDD     VDD     net32_5 net37_5 ------------------------------------------------
clkn    CLK     VDD     VDD     clkn    clkb    ------------------------net15_2 clkn    pd2_2   pd2_2   net29_2 VDD     VDD     net15_2 net29_2 net29_2 clkn    net32_2 net32_2 clkb    pd4_2   pd4_2   net37_2 VDD     ------------------------net37_2 net32_2 VDD     VDD     net32_2 QN2     QN2     net32_2 VDD     VDD     D2      pu1_2   ------------------------VDD     D7      pu1_7   pu1_7   clkb    net15_7 net15_7 clkn    pd2_7   pd2_7   net29_7 VDD     VDD     net15_7 net29_7 net29_7 clkn    net32_7 net32_7 clkb    pd4_7   pd4_7   net37_7 VDD     VDD     net32_7 QN7     QN7     net32_7 VDD     VDD     net32_7 net37_7 
net37_3 net32_3 VDD     VDD     net32_3 QN3     QN3     net32_3 VDD     VDD     net37_3 pd4_3   pd4_3   clkb    net32_3 net32_3 clkn    net29_3 ------------------------pd4_6   net37_6 VDD     ------------------------net29_3 net15_3 VDD     VDD     net29_3 pd2_3   pd2_3   clkn    net15_3 net15_3 clkb    pu1_3   pu1_3   D3      VDD     VDD     D8      pu1_8   pu1_8   clkb    net15_8 net15_8 clkn    pd2_8   pd2_8   net29_8 VDD     VDD     net15_8 net29_8 net29_8 clkn    net32_8 net32_8 clkb    pd4_8   pd4_8   net37_8 VDD     VDD     net32_8 QN8     QN8     net32_8 VDD     VDD     net32_8 net37_8 ------------------------
net15_6 clkn    pd1_6   D6      VSS     D1      pd1_1   clkn    net15_1 clkb    pd3_1   net29_1 VSS     net15_1 net29_1 clkb    net32_1 clkn    pd5_1   net37_1 VSS     net32_1 QN1     net32_1 VSS     net32_1 net37_1 Null    VSS     D4      pd1_4   clkn    net15_4 clkb    pd3_4   net29_4 VSS     net15_4 net29_4 clkb    net32_4 clkn    pd5_4   net37_4 VSS     net32_4 QN4     net32_4 VSS     net32_4 net37_4 Null    Null    
net15_6 clkb    pd3_6   net29_6 VSS     net15_6 net29_6 clkb    net32_6 clkn    pd5_6   Null    clkb    clkn    VSS     net32_6 QN6     net32_6 VSS     net32_6 net37_6 Null    net15_2 clkn    pd1_2   Null    VSS     D5      pd1_5   clkn    net15_5 clkb    pd3_5   net29_5 VSS     net15_5 net29_5 clkb    net32_5 clkn    pd5_5   net37_5 VSS     net32_5 QN5     net32_5 VSS     net32_5 net37_5 Null    Null    Null    Null    
clkn    CLK     VSS     clkn    clkb    Null    net15_2 clkb    pd3_2   net29_2 VSS     net15_2 net29_2 clkb    net32_2 clkn    pd5_2   net37_2 VSS     Null    net37_2 net32_2 VSS     net32_2 QN2     net32_2 VSS     D2      pd1_2   Null    VSS     D7      pd1_7   clkn    net15_7 clkb    pd3_7   net29_7 VSS     net15_7 net29_7 clkb    net32_7 clkn    pd5_7   net37_7 VSS     net32_7 QN7     net32_7 VSS     net32_7 net37_7 
net37_3 net32_3 VSS     net32_3 QN3     net32_3 VSS     net37_3 pd5_3   clkn    net32_3 clkb    net29_3 Null    pd5_6   net37_6 VSS     Null    net29_3 net15_3 VSS     net29_3 pd3_3   clkb    net15_3 clkn    pd1_3   D3      VSS     D8      pd1_8   clkn    net15_8 clkb    pd3_8   net29_8 VSS     net15_8 net29_8 clkb    net32_8 clkn    pd5_8   net37_8 VSS     net32_8 QN8     net32_8 VSS     net32_8 net37_8 Null    Null    

net15_6 clkb    pu1_6   D6      VDD     D1      pu1_1   clkb    net15_1 clkn    pd2_1   net29_1 VDD     net15_1 net29_1 clkn    net32_1 clkb    pd4_1   net37_1 VDD     net32_1 QN1     net32_1 VDD     net32_1 net37_1 Null    VDD     D4      pu1_4   clkb    net15_4 clkn    pd2_4   net29_4 VDD     net15_4 net29_4 clkn    net32_4 clkb    pd4_4   net37_4 VDD     net32_4 QN4     net32_4 VDD     net32_4 net37_4 Null    Null    
net15_6 clkn    pd2_6   net29_6 VDD     net15_6 net29_6 clkn    net32_6 clkb    pd4_6   Null    clkb    clkn    VDD     net32_6 QN6     net32_6 VDD     net32_6 net37_6 Null    net15_2 clkb    pu1_2   Null    VDD     D5      pu1_5   clkb    net15_5 clkn    pd2_5   net29_5 VDD     net15_5 net29_5 clkn    net32_5 clkb    pd4_5   net37_5 VDD     net32_5 QN5     net32_5 VDD     net32_5 net37_5 Null    Null    Null    Null    
clkn    CLK     VDD     clkn    clkb    Null    net15_2 clkn    pd2_2   net29_2 VDD     net15_2 net29_2 clkn    net32_2 clkb    pd4_2   net37_2 VDD     Null    net37_2 net32_2 VDD     net32_2 QN2     net32_2 VDD     D2      pu1_2   Null    VDD     D7      pu1_7   clkb    net15_7 clkn    pd2_7   net29_7 VDD     net15_7 net29_7 clkn    net32_7 clkb    pd4_7   net37_7 VDD     net32_7 QN7     net32_7 VDD     net32_7 net37_7 
net37_3 net32_3 VDD     net32_3 QN3     net32_3 VDD     net37_3 pd4_3   clkb    net32_3 clkn    net29_3 Null    pd4_6   net37_6 VDD     Null    net29_3 net15_3 VDD     net29_3 pd2_3   clkn    net15_3 clkb    pu1_3   D3      VDD     D8      pu1_8   clkb    net15_8 clkn    pd2_8   net29_8 VDD     net15_8 net29_8 clkn    net32_8 clkb    pd4_8   net37_8 VDD     net32_8 QN8     net32_8 VDD     net32_8 net37_8 Null    Null    

[epoch 2]
[final result] cost: 3044
area: 104
hpml: 310
#inter-row signals: 6
total density: 4454
cost: 3044
hello print_shape
MM4_6   MM5_6   MM5_1   MM4_1   MM9_1   MM8_1   MM6_1   MM12_1  MM17_1  MM16_1  MM24_1  MM24_1  MM14_1          MM5_4   MM4_4   MM9_4   MM8_4   MM6_4   MM12_4  MM17_4  MM16_4  MM24_4  MM24_4  MM14_4          
MM9_6   MM8_6   MM6_6   MM12_6  MM17_6  MM16_6          MM23_5  MM24_6  MM24_6  MM14_6          MM4_2           MM5_5   MM4_5   MM9_5   MM8_5   MM6_5   MM12_5  MM17_5  MM16_5  MM24_5  MM24_5  MM14_5          
MM20_1  MM23_1          MM9_2   MM8_2   MM6_2   MM12_2  MM17_2  MM16_2          MM14_2  MM24_2  MM24_2  MM5_2           MM5_7   MM4_7   MM9_7   MM8_7   MM6_7   MM12_7  MM17_7  MM16_7  MM24_7  MM24_7  MM14_7  
MM14_3  MM24_3  MM24_3  MM16_3  MM17_3  MM12_3  MM6_3   MM8_3   MM9_3   MM4_3   MM5_3   MM5_8   MM4_8   MM9_8   MM8_8   MM6_8   MM12_8  MM17_8  MM16_8  MM24_8  MM24_8  MM14_8                                  
--
MM1_6   MM3_6   MM3_1   MM1_1   MM10_1  MM11_1  MM7_1   MM13_1  MM18_1  MM19_1  MM25_1  MM25_1  MM15_1          MM3_4   MM1_4   MM10_4  MM11_4  MM7_4   MM13_4  MM18_4  MM19_4  MM25_4  MM25_4  MM15_4          
MM10_6  MM11_6  MM7_6   MM13_6  MM18_6  MM19_6          MM22_5  MM25_6  MM25_6  MM15_6          MM1_2           MM3_5   MM1_5   MM10_5  MM11_5  MM7_5   MM13_5  MM18_5  MM19_5  MM25_5  MM25_5  MM15_5          
MM21_1  MM22_1          MM10_2  MM11_2  MM7_2   MM13_2  MM18_2  MM19_2          MM15_2  MM25_2  MM25_2  MM3_2           MM3_7   MM1_7   MM10_7  MM11_7  MM7_7   MM13_7  MM18_7  MM19_7  MM25_7  MM25_7  MM15_7  
MM15_3  MM25_3  MM25_3  MM19_3  MM18_3  MM13_3  MM7_3   MM11_3  MM10_3  MM1_3   MM3_3   MM3_8   MM1_8   MM10_8  MM11_8  MM7_8   MM13_8  MM18_8  MM19_8  MM25_8  MM25_8  MM15_8                                  
net15_6 clkn    pd1_6   pd1_6   D6      VSS     VSS     D1      pd1_1   pd1_1   clkn    net15_1 net15_1 clkb    pd3_1   pd3_1   net29_1 VSS     VSS     net15_1 net29_1 net29_1 clkb    net32_1 net32_1 clkn    pd5_1   pd5_1   net37_1 VSS     VSS     net32_1 QN1     QN1     net32_1 VSS     VSS     net32_1 net37_1 ------------------------VSS     D4      pd1_4   pd1_4   clkn    net15_4 net15_4 clkb    pd3_4   pd3_4   net29_4 VSS     VSS     net15_4 net29_4 net29_4 clkb    net32_4 net32_4 clkn    pd5_4   pd5_4   net37_4 VSS     VSS     net32_4 QN4     QN4     net32_4 VSS     VSS     net32_4 net37_4 ------------------------
net15_6 clkb    pd3_6   pd3_6   net29_6 VSS     VSS     net15_6 net29_6 net29_6 clkb    net32_6 net32_6 clkn    pd5_6   pd5_6   net37_6 VSS     ------------------------clkb    clkn    VSS     VSS     net32_6 QN6     QN6     net32_6 VSS     VSS     net32_6 net37_6 ------------------------net15_2 clkn    pd1_2   ------------------------VSS     D5      pd1_5   pd1_5   clkn    net15_5 net15_5 clkb    pd3_5   pd3_5   net29_5 VSS     VSS     net15_5 net29_5 net29_5 clkb    net32_5 net32_5 clkn    pd5_5   pd5_5   net37_5 VSS     VSS     net32_5 QN5     QN5     net32_5 VSS     VSS     net32_5 net37_5 ------------------------
clkn    CLK     VSS     VSS     clkn    clkb    ------------------------net15_2 clkb    pd3_2   pd3_2   net29_2 VSS     VSS     net15_2 net29_2 net29_2 clkb    net32_2 net32_2 clkn    pd5_2   pd5_2   net37_2 VSS     ------------------------net37_2 net32_2 VSS     VSS     net32_2 QN2     QN2     net32_2 VSS     VSS     D2      pd1_2   ------------------------VSS     D7      pd1_7   pd1_7   clkn    net15_7 net15_7 clkb    pd3_7   pd3_7   net29_7 VSS     VSS     net15_7 net29_7 net29_7 clkb    net32_7 net32_7 clkn    pd5_7   pd5_7   net37_7 VSS     VSS     net32_7 QN7     QN7     net32_7 VSS     VSS     net32_7 net37_7 
net37_3 net32_3 VSS     VSS     net32_3 QN3     QN3     net32_3 VSS     VSS     net37_3 pd5_3   pd5_3   clkn    net32_3 net32_3 clkb    net29_3 net29_3 net15_3 VSS     VSS     net29_3 pd3_3   pd3_3   clkb    net15_3 net15_3 clkn    pd1_3   pd1_3   D3      VSS     VSS     D8      pd1_8   pd1_8   clkn    net15_8 net15_8 clkb    pd3_8   pd3_8   net29_8 VSS     VSS     net15_8 net29_8 net29_8 clkb    net32_8 net32_8 clkn    pd5_8   pd5_8   net37_8 VSS     VSS     net32_8 QN8     QN8     net32_8 VSS     VSS     net32_8 net37_8 ------------------------------------------------------------------------------------------------
--
net15_6 clkb    pu1_6   pu1_6   D6      VDD     VDD     D1      pu1_1   pu1_1   clkb    net15_1 net15_1 clkn    pd2_1   pd2_1   net29_1 VDD     VDD     net15_1 net29_1 net29_1 clkn    net32_1 net32_1 clkb    pd4_1   pd4_1   net37_1 VDD     VDD     net32_1 QN1     QN1     net32_1 VDD     VDD     net32_1 net37_1 ------------------------VDD     D4      pu1_4   pu1_4   clkb    net15_4 net15_4 clkn    pd2_4   pd2_4   net29_4 VDD     VDD     net15_4 net29_4 net29_4 clkn    net32_4 net32_4 clkb    pd4_4   pd4_4   net37_4 VDD     VDD     net32_4 QN4     QN4     net32_4 VDD     VDD     net32_4 net37_4 ------------------------
net15_6 clkn    pd2_6   pd2_6   net29_6 VDD     VDD     net15_6 net29_6 net29_6 clkn    net32_6 net32_6 clkb    pd4_6   pd4_6   net37_6 VDD     ------------------------clkb    clkn    VDD     VDD     net32_6 QN6     QN6     net32_6 VDD     VDD     net32_6 net37_6 ------------------------net15_2 clkb    pu1_2   ------------------------VDD     D5      pu1_5   pu1_5   clkb    net15_5 net15_5 clkn    pd2_5   pd2_5   net29_5 VDD     VDD     net15_5 net29_5 net29_5 clkn    net32_5 net32_5 clkb    pd4_5   pd4_5   net37_5 VDD     VDD     net32_5 QN5     QN5     net32_5 VDD     VDD     net32_5 net37_5 ------------------------
clkn    CLK     VDD     VDD     clkn    clkb    ------------------------net15_2 clkn    pd2_2   pd2_2   net29_2 VDD     VDD     net15_2 net29_2 net29_2 clkn    net32_2 net32_2 clkb    pd4_2   pd4_2   net37_2 VDD     ------------------------net37_2 net32_2 VDD     VDD     net32_2 QN2     QN2     net32_2 VDD     VDD     D2      pu1_2   ------------------------VDD     D7      pu1_7   pu1_7   clkb    net15_7 net15_7 clkn    pd2_7   pd2_7   net29_7 VDD     VDD     net15_7 net29_7 net29_7 clkn    net32_7 net32_7 clkb    pd4_7   pd4_7   net37_7 VDD     VDD     net32_7 QN7     QN7     net32_7 VDD     VDD     net32_7 net37_7 
net37_3 net32_3 VDD     VDD     net32_3 QN3     QN3     net32_3 VDD     VDD     net37_3 pd4_3   pd4_3   clkb    net32_3 net32_3 clkn    net29_3 net29_3 net15_3 VDD     VDD     net29_3 pd2_3   pd2_3   clkn    net15_3 net15_3 clkb    pu1_3   pu1_3   D3      VDD     VDD     D8      pu1_8   pu1_8   clkb    net15_8 net15_8 clkn    pd2_8   pd2_8   net29_8 VDD     VDD     net15_8 net29_8 net29_8 clkn    net32_8 net32_8 clkb    pd4_8   pd4_8   net37_8 VDD     VDD     net32_8 QN8     QN8     net32_8 VDD     VDD     net32_8 net37_8 ------------------------------------------------------------------------------------------------
net15_6 clkn    pd1_6   D6      VSS     D1      pd1_1   clkn    net15_1 clkb    pd3_1   net29_1 VSS     net15_1 net29_1 clkb    net32_1 clkn    pd5_1   net37_1 VSS     net32_1 QN1     net32_1 VSS     net32_1 net37_1 Null    VSS     D4      pd1_4   clkn    net15_4 clkb    pd3_4   net29_4 VSS     net15_4 net29_4 clkb    net32_4 clkn    pd5_4   net37_4 VSS     net32_4 QN4     net32_4 VSS     net32_4 net37_4 Null    Null    
net15_6 clkb    pd3_6   net29_6 VSS     net15_6 net29_6 clkb    net32_6 clkn    pd5_6   net37_6 VSS     Null    clkb    clkn    VSS     net32_6 QN6     net32_6 VSS     net32_6 net37_6 Null    net15_2 clkn    pd1_2   Null    VSS     D5      pd1_5   clkn    net15_5 clkb    pd3_5   net29_5 VSS     net15_5 net29_5 clkb    net32_5 clkn    pd5_5   net37_5 VSS     net32_5 QN5     net32_5 VSS     net32_5 net37_5 Null    Null    
clkn    CLK     VSS     clkn    clkb    Null    net15_2 clkb    pd3_2   net29_2 VSS     net15_2 net29_2 clkb    net32_2 clkn    pd5_2   net37_2 VSS     Null    net37_2 net32_2 VSS     net32_2 QN2     net32_2 VSS     D2      pd1_2   Null    VSS     D7      pd1_7   clkn    net15_7 clkb    pd3_7   net29_7 VSS     net15_7 net29_7 clkb    net32_7 clkn    pd5_7   net37_7 VSS     net32_7 QN7     net32_7 VSS     net32_7 net37_7 
net37_3 net32_3 VSS     net32_3 QN3     net32_3 VSS     net37_3 pd5_3   clkn    net32_3 clkb    net29_3 net15_3 VSS     net29_3 pd3_3   clkb    net15_3 clkn    pd1_3   D3      VSS     D8      pd1_8   clkn    net15_8 clkb    pd3_8   net29_8 VSS     net15_8 net29_8 clkb    net32_8 clkn    pd5_8   net37_8 VSS     net32_8 QN8     net32_8 VSS     net32_8 net37_8 Null    Null    Null    Null    Null    Null    Null    Null    

net15_6 clkb    pu1_6   D6      VDD     D1      pu1_1   clkb    net15_1 clkn    pd2_1   net29_1 VDD     net15_1 net29_1 clkn    net32_1 clkb    pd4_1   net37_1 VDD     net32_1 QN1     net32_1 VDD     net32_1 net37_1 Null    VDD     D4      pu1_4   clkb    net15_4 clkn    pd2_4   net29_4 VDD     net15_4 net29_4 clkn    net32_4 clkb    pd4_4   net37_4 VDD     net32_4 QN4     net32_4 VDD     net32_4 net37_4 Null    Null    
net15_6 clkn    pd2_6   net29_6 VDD     net15_6 net29_6 clkn    net32_6 clkb    pd4_6   net37_6 VDD     Null    clkb    clkn    VDD     net32_6 QN6     net32_6 VDD     net32_6 net37_6 Null    net15_2 clkb    pu1_2   Null    VDD     D5      pu1_5   clkb    net15_5 clkn    pd2_5   net29_5 VDD     net15_5 net29_5 clkn    net32_5 clkb    pd4_5   net37_5 VDD     net32_5 QN5     net32_5 VDD     net32_5 net37_5 Null    Null    
clkn    CLK     VDD     clkn    clkb    Null    net15_2 clkn    pd2_2   net29_2 VDD     net15_2 net29_2 clkn    net32_2 clkb    pd4_2   net37_2 VDD     Null    net37_2 net32_2 VDD     net32_2 QN2     net32_2 VDD     D2      pu1_2   Null    VDD     D7      pu1_7   clkb    net15_7 clkn    pd2_7   net29_7 VDD     net15_7 net29_7 clkn    net32_7 clkb    pd4_7   net37_7 VDD     net32_7 QN7     net32_7 VDD     net32_7 net37_7 
net37_3 net32_3 VDD     net32_3 QN3     net32_3 VDD     net37_3 pd4_3   clkb    net32_3 clkn    net29_3 net15_3 VDD     net29_3 pd2_3   clkn    net15_3 clkb    pu1_3   D3      VDD     D8      pu1_8   clkb    net15_8 clkn    pd2_8   net29_8 VDD     net15_8 net29_8 clkn    net32_8 clkb    pd4_8   net37_8 VDD     net32_8 QN8     net32_8 VDD     net32_8 net37_8 Null    Null    Null    Null    Null    Null    Null    Null    

[epoch 3]
[final result] cost: 3036
area: 104
hpml: 302
#inter-row signals: 6
total density: 4418
cost: 3036
hello print_shape
MM4_6   MM5_6   MM5_1   MM4_1   MM9_1   MM8_1   MM6_1   MM12_1  MM17_1  MM16_1  MM24_1  MM24_1  MM14_1          MM5_4   MM4_4   MM9_4   MM8_4   MM6_4   MM12_4  MM17_4  MM16_4  MM24_4  MM24_4  MM14_4          
MM9_6   MM8_6   MM6_6   MM12_6  MM17_6  MM16_6          MM14_6          MM23_5  MM24_6  MM24_6          MM4_2           MM5_5   MM4_5   MM9_5   MM8_5   MM6_5   MM12_5  MM17_5  MM16_5  MM24_5  MM24_5  MM14_5  
MM20_1  MM23_1          MM9_2   MM8_2   MM6_2   MM12_2  MM17_2  MM16_2          MM14_2  MM24_2  MM24_2  MM5_2           MM5_7   MM4_7   MM9_7   MM8_7   MM6_7   MM12_7  MM17_7  MM16_7  MM24_7  MM24_7  MM14_7  
MM14_3  MM24_3  MM24_3  MM16_3  MM17_3  MM12_3  MM6_3   MM8_3   MM9_3   MM4_3   MM5_3   MM5_8   MM4_8   MM9_8   MM8_8   MM6_8   MM12_8  MM17_8  MM16_8  MM24_8  MM24_8  MM14_8                                  
--
MM1_6   MM3_6   MM3_1   MM1_1   MM10_1  MM11_1  MM7_1   MM13_1  MM18_1  MM19_1  MM25_1  MM25_1  MM15_1          MM3_4   MM1_4   MM10_4  MM11_4  MM7_4   MM13_4  MM18_4  MM19_4  MM25_4  MM25_4  MM15_4          
MM10_6  MM11_6  MM7_6   MM13_6  MM18_6  MM19_6          MM15_6          MM22_5  MM25_6  MM25_6          MM1_2           MM3_5   MM1_5   MM10_5  MM11_5  MM7_5   MM13_5  MM18_5  MM19_5  MM25_5  MM25_5  MM15_5  
MM21_1  MM22_1          MM10_2  MM11_2  MM7_2   MM13_2  MM18_2  MM19_2          MM15_2  MM25_2  MM25_2  MM3_2           MM3_7   MM1_7   MM10_7  MM11_7  MM7_7   MM13_7  MM18_7  MM19_7  MM25_7  MM25_7  MM15_7  
MM15_3  MM25_3  MM25_3  MM19_3  MM18_3  MM13_3  MM7_3   MM11_3  MM10_3  MM1_3   MM3_3   MM3_8   MM1_8   MM10_8  MM11_8  MM7_8   MM13_8  MM18_8  MM19_8  MM25_8  MM25_8  MM15_8                                  
net15_6 clkn    pd1_6   pd1_6   D6      VSS     VSS     D1      pd1_1   pd1_1   clkn    net15_1 net15_1 clkb    pd3_1   pd3_1   net29_1 VSS     VSS     net15_1 net29_1 net29_1 clkb    net32_1 net32_1 clkn    pd5_1   pd5_1   net37_1 VSS     VSS     net32_1 QN1     QN1     net32_1 VSS     VSS     net32_1 net37_1 ------------------------VSS     D4      pd1_4   pd1_4   clkn    net15_4 net15_4 clkb    pd3_4   pd3_4   net29_4 VSS     VSS     net15_4 net29_4 net29_4 clkb    net32_4 net32_4 clkn    pd5_4   pd5_4   net37_4 VSS     VSS     net32_4 QN4     QN4     net32_4 VSS     VSS     net32_4 net37_4 ------------------------
net15_6 clkb    pd3_6   pd3_6   net29_6 VSS     VSS     net15_6 net29_6 net29_6 clkb    net32_6 net32_6 clkn    pd5_6   pd5_6   net37_6 VSS     ------------------------net37_6 net32_6 VSS     ------------------------clkb    clkn    VSS     VSS     net32_6 QN6     QN6     net32_6 VSS     ------------------------net15_2 clkn    pd1_2   ------------------------VSS     D5      pd1_5   pd1_5   clkn    net15_5 net15_5 clkb    pd3_5   pd3_5   net29_5 VSS     VSS     net15_5 net29_5 net29_5 clkb    net32_5 net32_5 clkn    pd5_5   pd5_5   net37_5 VSS     VSS     net32_5 QN5     QN5     net32_5 VSS     VSS     net32_5 net37_5 
clkn    CLK     VSS     VSS     clkn    clkb    ------------------------net15_2 clkb    pd3_2   pd3_2   net29_2 VSS     VSS     net15_2 net29_2 net29_2 clkb    net32_2 net32_2 clkn    pd5_2   pd5_2   net37_2 VSS     ------------------------net37_2 net32_2 VSS     VSS     net32_2 QN2     QN2     net32_2 VSS     VSS     D2      pd1_2   ------------------------VSS     D7      pd1_7   pd1_7   clkn    net15_7 net15_7 clkb    pd3_7   pd3_7   net29_7 VSS     VSS     net15_7 net29_7 net29_7 clkb    net32_7 net32_7 clkn    pd5_7   pd5_7   net37_7 VSS     VSS     net32_7 QN7     QN7     net32_7 VSS     VSS     net32_7 net37_7 
net37_3 net32_3 VSS     VSS     net32_3 QN3     QN3     net32_3 VSS     VSS     net37_3 pd5_3   pd5_3   clkn    net32_3 net32_3 clkb    net29_3 net29_3 net15_3 VSS     VSS     net29_3 pd3_3   pd3_3   clkb    net15_3 net15_3 clkn    pd1_3   pd1_3   D3      VSS     VSS     D8      pd1_8   pd1_8   clkn    net15_8 net15_8 clkb    pd3_8   pd3_8   net29_8 VSS     VSS     net15_8 net29_8 net29_8 clkb    net32_8 net32_8 clkn    pd5_8   pd5_8   net37_8 VSS     VSS     net32_8 QN8     QN8     net32_8 VSS     VSS     net32_8 net37_8 ------------------------------------------------------------------------------------------------
--
net15_6 clkb    pu1_6   pu1_6   D6      VDD     VDD     D1      pu1_1   pu1_1   clkb    net15_1 net15_1 clkn    pd2_1   pd2_1   net29_1 VDD     VDD     net15_1 net29_1 net29_1 clkn    net32_1 net32_1 clkb    pd4_1   pd4_1   net37_1 VDD     VDD     net32_1 QN1     QN1     net32_1 VDD     VDD     net32_1 net37_1 ------------------------VDD     D4      pu1_4   pu1_4   clkb    net15_4 net15_4 clkn    pd2_4   pd2_4   net29_4 VDD     VDD     net15_4 net29_4 net29_4 clkn    net32_4 net32_4 clkb    pd4_4   pd4_4   net37_4 VDD     VDD     net32_4 QN4     QN4     net32_4 VDD     VDD     net32_4 net37_4 ------------------------
net15_6 clkn    pd2_6   pd2_6   net29_6 VDD     VDD     net15_6 net29_6 net29_6 clkn    net32_6 net32_6 clkb    pd4_6   pd4_6   net37_6 VDD     ------------------------net37_6 net32_6 VDD     ------------------------clkb    clkn    VDD     VDD     net32_6 QN6     QN6     net32_6 VDD     ------------------------net15_2 clkb    pu1_2   ------------------------VDD     D5      pu1_5   pu1_5   clkb    net15_5 net15_5 clkn    pd2_5   pd2_5   net29_5 VDD     VDD     net15_5 net29_5 net29_5 clkn    net32_5 net32_5 clkb    pd4_5   pd4_5   net37_5 VDD     VDD     net32_5 QN5     QN5     net32_5 VDD     VDD     net32_5 net37_5 
clkn    CLK     VDD     VDD     clkn    clkb    ------------------------net15_2 clkn    pd2_2   pd2_2   net29_2 VDD     VDD     net15_2 net29_2 net29_2 clkn    net32_2 net32_2 clkb    pd4_2   pd4_2   net37_2 VDD     ------------------------net37_2 net32_2 VDD     VDD     net32_2 QN2     QN2     net32_2 VDD     VDD     D2      pu1_2   ------------------------VDD     D7      pu1_7   pu1_7   clkb    net15_7 net15_7 clkn    pd2_7   pd2_7   net29_7 VDD     VDD     net15_7 net29_7 net29_7 clkn    net32_7 net32_7 clkb    pd4_7   pd4_7   net37_7 VDD     VDD     net32_7 QN7     QN7     net32_7 VDD     VDD     net32_7 net37_7 
net37_3 net32_3 VDD     VDD     net32_3 QN3     QN3     net32_3 VDD     VDD     net37_3 pd4_3   pd4_3   clkb    net32_3 net32_3 clkn    net29_3 net29_3 net15_3 VDD     VDD     net29_3 pd2_3   pd2_3   clkn    net15_3 net15_3 clkb    pu1_3   pu1_3   D3      VDD     VDD     D8      pu1_8   pu1_8   clkb    net15_8 net15_8 clkn    pd2_8   pd2_8   net29_8 VDD     VDD     net15_8 net29_8 net29_8 clkn    net32_8 net32_8 clkb    pd4_8   pd4_8   net37_8 VDD     VDD     net32_8 QN8     QN8     net32_8 VDD     VDD     net32_8 net37_8 ------------------------------------------------------------------------------------------------
net15_6 clkn    pd1_6   D6      VSS     D1      pd1_1   clkn    net15_1 clkb    pd3_1   net29_1 VSS     net15_1 net29_1 clkb    net32_1 clkn    pd5_1   net37_1 VSS     net32_1 QN1     net32_1 VSS     net32_1 net37_1 Null    VSS     D4      pd1_4   clkn    net15_4 clkb    pd3_4   net29_4 VSS     net15_4 net29_4 clkb    net32_4 clkn    pd5_4   net37_4 VSS     net32_4 QN4     net32_4 VSS     net32_4 net37_4 Null    Null    
net15_6 clkb    pd3_6   net29_6 VSS     net15_6 net29_6 clkb    net32_6 clkn    pd5_6   net37_6 VSS     Null    net37_6 net32_6 VSS     Null    clkb    clkn    VSS     net32_6 QN6     net32_6 VSS     Null    net15_2 clkn    pd1_2   Null    VSS     D5      pd1_5   clkn    net15_5 clkb    pd3_5   net29_5 VSS     net15_5 net29_5 clkb    net32_5 clkn    pd5_5   net37_5 VSS     net32_5 QN5     net32_5 VSS     net32_5 net37_5 
clkn    CLK     VSS     clkn    clkb    Null    net15_2 clkb    pd3_2   net29_2 VSS     net15_2 net29_2 clkb    net32_2 clkn    pd5_2   net37_2 VSS     Null    net37_2 net32_2 VSS     net32_2 QN2     net32_2 VSS     D2      pd1_2   Null    VSS     D7      pd1_7   clkn    net15_7 clkb    pd3_7   net29_7 VSS     net15_7 net29_7 clkb    net32_7 clkn    pd5_7   net37_7 VSS     net32_7 QN7     net32_7 VSS     net32_7 net37_7 
net37_3 net32_3 VSS     net32_3 QN3     net32_3 VSS     net37_3 pd5_3   clkn    net32_3 clkb    net29_3 net15_3 VSS     net29_3 pd3_3   clkb    net15_3 clkn    pd1_3   D3      VSS     D8      pd1_8   clkn    net15_8 clkb    pd3_8   net29_8 VSS     net15_8 net29_8 clkb    net32_8 clkn    pd5_8   net37_8 VSS     net32_8 QN8     net32_8 VSS     net32_8 net37_8 Null    Null    Null    Null    Null    Null    Null    Null    

net15_6 clkb    pu1_6   D6      VDD     D1      pu1_1   clkb    net15_1 clkn    pd2_1   net29_1 VDD     net15_1 net29_1 clkn    net32_1 clkb    pd4_1   net37_1 VDD     net32_1 QN1     net32_1 VDD     net32_1 net37_1 Null    VDD     D4      pu1_4   clkb    net15_4 clkn    pd2_4   net29_4 VDD     net15_4 net29_4 clkn    net32_4 clkb    pd4_4   net37_4 VDD     net32_4 QN4     net32_4 VDD     net32_4 net37_4 Null    Null    
net15_6 clkn    pd2_6   net29_6 VDD     net15_6 net29_6 clkn    net32_6 clkb    pd4_6   net37_6 VDD     Null    net37_6 net32_6 VDD     Null    clkb    clkn    VDD     net32_6 QN6     net32_6 VDD     Null    net15_2 clkb    pu1_2   Null    VDD     D5      pu1_5   clkb    net15_5 clkn    pd2_5   net29_5 VDD     net15_5 net29_5 clkn    net32_5 clkb    pd4_5   net37_5 VDD     net32_5 QN5     net32_5 VDD     net32_5 net37_5 
clkn    CLK     VDD     clkn    clkb    Null    net15_2 clkn    pd2_2   net29_2 VDD     net15_2 net29_2 clkn    net32_2 clkb    pd4_2   net37_2 VDD     Null    net37_2 net32_2 VDD     net32_2 QN2     net32_2 VDD     D2      pu1_2   Null    VDD     D7      pu1_7   clkb    net15_7 clkn    pd2_7   net29_7 VDD     net15_7 net29_7 clkn    net32_7 clkb    pd4_7   net37_7 VDD     net32_7 QN7     net32_7 VDD     net32_7 net37_7 
net37_3 net32_3 VDD     net32_3 QN3     net32_3 VDD     net37_3 pd4_3   clkb    net32_3 clkn    net29_3 net15_3 VDD     net29_3 pd2_3   clkn    net15_3 clkb    pu1_3   D3      VDD     D8      pu1_8   clkb    net15_8 clkn    pd2_8   net29_8 VDD     net15_8 net29_8 clkn    net32_8 clkb    pd4_8   net37_8 VDD     net32_8 QN8     net32_8 VDD     net32_8 net37_8 Null    Null    Null    Null    Null    Null    Null    Null    

[epoch 4]
[final result] cost: 3034
area: 104
hpml: 300
#inter-row signals: 6
total density: 4415
cost: 3034
hello print_shape
MM4_6   MM5_6   MM5_1   MM4_1   MM9_1   MM8_1   MM6_1   MM12_1  MM17_1  MM16_1  MM24_1  MM24_1  MM14_1          MM5_4   MM4_4   MM9_4   MM8_4   MM6_4   MM12_4  MM17_4  MM16_4  MM24_4  MM24_4  MM14_4          
MM9_6   MM8_6   MM6_6   MM12_6  MM17_6  MM16_6          MM14_6          MM23_5  MM24_6  MM24_6          MM4_2           MM5_5   MM4_5   MM9_5   MM8_5   MM6_5   MM12_5  MM17_5  MM16_5  MM24_5  MM24_5  MM14_5  
MM20_1  MM23_1          MM9_2   MM8_2   MM6_2   MM12_2  MM17_2  MM16_2          MM14_2  MM24_2  MM24_2  MM5_2           MM5_7   MM4_7   MM9_7   MM8_7   MM6_7   MM12_7  MM17_7  MM16_7  MM24_7  MM24_7  MM14_7  
MM24_3  MM24_3          MM14_3  MM16_3  MM17_3  MM12_3  MM6_3   MM8_3   MM9_3   MM4_3   MM5_3   MM5_8   MM4_8   MM9_8   MM8_8   MM6_8   MM12_8  MM17_8  MM16_8  MM24_8  MM24_8  MM14_8                          
--
MM1_6   MM3_6   MM3_1   MM1_1   MM10_1  MM11_1  MM7_1   MM13_1  MM18_1  MM19_1  MM25_1  MM25_1  MM15_1          MM3_4   MM1_4   MM10_4  MM11_4  MM7_4   MM13_4  MM18_4  MM19_4  MM25_4  MM25_4  MM15_4          
MM10_6  MM11_6  MM7_6   MM13_6  MM18_6  MM19_6          MM15_6          MM22_5  MM25_6  MM25_6          MM1_2           MM3_5   MM1_5   MM10_5  MM11_5  MM7_5   MM13_5  MM18_5  MM19_5  MM25_5  MM25_5  MM15_5  
MM21_1  MM22_1          MM10_2  MM11_2  MM7_2   MM13_2  MM18_2  MM19_2          MM15_2  MM25_2  MM25_2  MM3_2           MM3_7   MM1_7   MM10_7  MM11_7  MM7_7   MM13_7  MM18_7  MM19_7  MM25_7  MM25_7  MM15_7  
MM25_3  MM25_3          MM15_3  MM19_3  MM18_3  MM13_3  MM7_3   MM11_3  MM10_3  MM1_3   MM3_3   MM3_8   MM1_8   MM10_8  MM11_8  MM7_8   MM13_8  MM18_8  MM19_8  MM25_8  MM25_8  MM15_8                          
net15_6 clkn    pd1_6   pd1_6   D6      VSS     VSS     D1      pd1_1   pd1_1   clkn    net15_1 net15_1 clkb    pd3_1   pd3_1   net29_1 VSS     VSS     net15_1 net29_1 net29_1 clkb    net32_1 net32_1 clkn    pd5_1   pd5_1   net37_1 VSS     VSS     net32_1 QN1     QN1     net32_1 VSS     VSS     net32_1 net37_1 ------------------------VSS     D4      pd1_4   pd1_4   clkn    net15_4 net15_4 clkb    pd3_4   pd3_4   net29_4 VSS     VSS     net15_4 net29_4 net29_4 clkb    net32_4 net32_4 clkn    pd5_4   pd5_4   net37_4 VSS     VSS     net32_4 QN4     QN4     net32_4 VSS     VSS     net32_4 net37_4 ------------------------
net15_6 clkb    pd3_6   pd3_6   net29_6 VSS     VSS     net15_6 net29_6 net29_6 clkb    net32_6 net32_6 clkn    pd5_6   pd5_6   net37_6 VSS     ------------------------net37_6 net32_6 VSS     ------------------------clkb    clkn    VSS     VSS     net32_6 QN6     QN6     net32_6 VSS     ------------------------net15_2 clkn    pd1_2   ------------------------VSS     D5      pd1_5   pd1_5   clkn    net15_5 net15_5 clkb    pd3_5   pd3_5   net29_5 VSS     VSS     net15_5 net29_5 net29_5 clkb    net32_5 net32_5 clkn    pd5_5   pd5_5   net37_5 VSS     VSS     net32_5 QN5     QN5     net32_5 VSS     VSS     net32_5 net37_5 
clkn    CLK     VSS     VSS     clkn    clkb    ------------------------net15_2 clkb    pd3_2   pd3_2   net29_2 VSS     VSS     net15_2 net29_2 net29_2 clkb    net32_2 net32_2 clkn    pd5_2   pd5_2   net37_2 VSS     ------------------------net37_2 net32_2 VSS     VSS     net32_2 QN2     QN2     net32_2 VSS     VSS     D2      pd1_2   ------------------------VSS     D7      pd1_7   pd1_7   clkn    net15_7 net15_7 clkb    pd3_7   pd3_7   net29_7 VSS     VSS     net15_7 net29_7 net29_7 clkb    net32_7 net32_7 clkn    pd5_7   pd5_7   net37_7 VSS     VSS     net32_7 QN7     QN7     net32_7 VSS     VSS     net32_7 net37_7 
VSS     net32_3 QN3     QN3     net32_3 VSS     ------------------------net37_3 net32_3 VSS     VSS     net37_3 pd5_3   pd5_3   clkn    net32_3 net32_3 clkb    net29_3 net29_3 net15_3 VSS     VSS     net29_3 pd3_3   pd3_3   clkb    net15_3 net15_3 clkn    pd1_3   pd1_3   D3      VSS     VSS     D8      pd1_8   pd1_8   clkn    net15_8 net15_8 clkb    pd3_8   pd3_8   net29_8 VSS     VSS     net15_8 net29_8 net29_8 clkb    net32_8 net32_8 clkn    pd5_8   pd5_8   net37_8 VSS     VSS     net32_8 QN8     QN8     net32_8 VSS     VSS     net32_8 net37_8 ------------------------------------------------------------------------
--
net15_6 clkb    pu1_6   pu1_6   D6      VDD     VDD     D1      pu1_1   pu1_1   clkb    net15_1 net15_1 clkn    pd2_1   pd2_1   net29_1 VDD     VDD     net15_1 net29_1 net29_1 clkn    net32_1 net32_1 clkb    pd4_1   pd4_1   net37_1 VDD     VDD     net32_1 QN1     QN1     net32_1 VDD     VDD     net32_1 net37_1 ------------------------VDD     D4      pu1_4   pu1_4   clkb    net15_4 net15_4 clkn    pd2_4   pd2_4   net29_4 VDD     VDD     net15_4 net29_4 net29_4 clkn    net32_4 net32_4 clkb    pd4_4   pd4_4   net37_4 VDD     VDD     net32_4 QN4     QN4     net32_4 VDD     VDD     net32_4 net37_4 ------------------------
net15_6 clkn    pd2_6   pd2_6   net29_6 VDD     VDD     net15_6 net29_6 net29_6 clkn    net32_6 net32_6 clkb    pd4_6   pd4_6   net37_6 VDD     ------------------------net37_6 net32_6 VDD     ------------------------clkb    clkn    VDD     VDD     net32_6 QN6     QN6     net32_6 VDD     ------------------------net15_2 clkb    pu1_2   ------------------------VDD     D5      pu1_5   pu1_5   clkb    net15_5 net15_5 clkn    pd2_5   pd2_5   net29_5 VDD     VDD     net15_5 net29_5 net29_5 clkn    net32_5 net32_5 clkb    pd4_5   pd4_5   net37_5 VDD     VDD     net32_5 QN5     QN5     net32_5 VDD     VDD     net32_5 net37_5 
clkn    CLK     VDD     VDD     clkn    clkb    ------------------------net15_2 clkn    pd2_2   pd2_2   net29_2 VDD     VDD     net15_2 net29_2 net29_2 clkn    net32_2 net32_2 clkb    pd4_2   pd4_2   net37_2 VDD     ------------------------net37_2 net32_2 VDD     VDD     net32_2 QN2     QN2     net32_2 VDD     VDD     D2      pu1_2   ------------------------VDD     D7      pu1_7   pu1_7   clkb    net15_7 net15_7 clkn    pd2_7   pd2_7   net29_7 VDD     VDD     net15_7 net29_7 net29_7 clkn    net32_7 net32_7 clkb    pd4_7   pd4_7   net37_7 VDD     VDD     net32_7 QN7     QN7     net32_7 VDD     VDD     net32_7 net37_7 
VDD     net32_3 QN3     QN3     net32_3 VDD     ------------------------net37_3 net32_3 VDD     VDD     net37_3 pd4_3   pd4_3   clkb    net32_3 net32_3 clkn    net29_3 net29_3 net15_3 VDD     VDD     net29_3 pd2_3   pd2_3   clkn    net15_3 net15_3 clkb    pu1_3   pu1_3   D3      VDD     VDD     D8      pu1_8   pu1_8   clkb    net15_8 net15_8 clkn    pd2_8   pd2_8   net29_8 VDD     VDD     net15_8 net29_8 net29_8 clkn    net32_8 net32_8 clkb    pd4_8   pd4_8   net37_8 VDD     VDD     net32_8 QN8     QN8     net32_8 VDD     VDD     net32_8 net37_8 ------------------------------------------------------------------------
net15_6 clkn    pd1_6   D6      VSS     D1      pd1_1   clkn    net15_1 clkb    pd3_1   net29_1 VSS     net15_1 net29_1 clkb    net32_1 clkn    pd5_1   net37_1 VSS     net32_1 QN1     net32_1 VSS     net32_1 net37_1 Null    VSS     D4      pd1_4   clkn    net15_4 clkb    pd3_4   net29_4 VSS     net15_4 net29_4 clkb    net32_4 clkn    pd5_4   net37_4 VSS     net32_4 QN4     net32_4 VSS     net32_4 net37_4 Null    Null    
net15_6 clkb    pd3_6   net29_6 VSS     net15_6 net29_6 clkb    net32_6 clkn    pd5_6   net37_6 VSS     Null    net37_6 net32_6 VSS     Null    clkb    clkn    VSS     net32_6 QN6     net32_6 VSS     Null    net15_2 clkn    pd1_2   Null    VSS     D5      pd1_5   clkn    net15_5 clkb    pd3_5   net29_5 VSS     net15_5 net29_5 clkb    net32_5 clkn    pd5_5   net37_5 VSS     net32_5 QN5     net32_5 VSS     net32_5 net37_5 
clkn    CLK     VSS     clkn    clkb    Null    net15_2 clkb    pd3_2   net29_2 VSS     net15_2 net29_2 clkb    net32_2 clkn    pd5_2   net37_2 VSS     Null    net37_2 net32_2 VSS     net32_2 QN2     net32_2 VSS     D2      pd1_2   Null    VSS     D7      pd1_7   clkn    net15_7 clkb    pd3_7   net29_7 VSS     net15_7 net29_7 clkb    net32_7 clkn    pd5_7   net37_7 VSS     net32_7 QN7     net32_7 VSS     net32_7 net37_7 
VSS     net32_3 QN3     net32_3 VSS     Null    net37_3 net32_3 VSS     net37_3 pd5_3   clkn    net32_3 clkb    net29_3 net15_3 VSS     net29_3 pd3_3   clkb    net15_3 clkn    pd1_3   D3      VSS     D8      pd1_8   clkn    net15_8 clkb    pd3_8   net29_8 VSS     net15_8 net29_8 clkb    net32_8 clkn    pd5_8   net37_8 VSS     net32_8 QN8     net32_8 VSS     net32_8 net37_8 Null    Null    Null    Null    Null    Null    

net15_6 clkb    pu1_6   D6      VDD     D1      pu1_1   clkb    net15_1 clkn    pd2_1   net29_1 VDD     net15_1 net29_1 clkn    net32_1 clkb    pd4_1   net37_1 VDD     net32_1 QN1     net32_1 VDD     net32_1 net37_1 Null    VDD     D4      pu1_4   clkb    net15_4 clkn    pd2_4   net29_4 VDD     net15_4 net29_4 clkn    net32_4 clkb    pd4_4   net37_4 VDD     net32_4 QN4     net32_4 VDD     net32_4 net37_4 Null    Null    
net15_6 clkn    pd2_6   net29_6 VDD     net15_6 net29_6 clkn    net32_6 clkb    pd4_6   net37_6 VDD     Null    net37_6 net32_6 VDD     Null    clkb    clkn    VDD     net32_6 QN6     net32_6 VDD     Null    net15_2 clkb    pu1_2   Null    VDD     D5      pu1_5   clkb    net15_5 clkn    pd2_5   net29_5 VDD     net15_5 net29_5 clkn    net32_5 clkb    pd4_5   net37_5 VDD     net32_5 QN5     net32_5 VDD     net32_5 net37_5 
clkn    CLK     VDD     clkn    clkb    Null    net15_2 clkn    pd2_2   net29_2 VDD     net15_2 net29_2 clkn    net32_2 clkb    pd4_2   net37_2 VDD     Null    net37_2 net32_2 VDD     net32_2 QN2     net32_2 VDD     D2      pu1_2   Null    VDD     D7      pu1_7   clkb    net15_7 clkn    pd2_7   net29_7 VDD     net15_7 net29_7 clkn    net32_7 clkb    pd4_7   net37_7 VDD     net32_7 QN7     net32_7 VDD     net32_7 net37_7 
VDD     net32_3 QN3     net32_3 VDD     Null    net37_3 net32_3 VDD     net37_3 pd4_3   clkb    net32_3 clkn    net29_3 net15_3 VDD     net29_3 pd2_3   clkn    net15_3 clkb    pu1_3   D3      VDD     D8      pu1_8   clkb    net15_8 clkn    pd2_8   net29_8 VDD     net15_8 net29_8 clkn    net32_8 clkb    pd4_8   net37_8 VDD     net32_8 QN8     net32_8 VDD     net32_8 net37_8 Null    Null    Null    Null    Null    Null    

[epoch 5]
[final result] cost: 3031
area: 104
hpml: 298
#inter-row signals: 6
total density: 4391
cost: 3031
hello print_shape
MM4_6   MM5_6   MM5_1   MM4_1   MM9_1   MM8_1   MM6_1   MM12_1  MM17_1  MM16_1          MM14_1  MM24_1  MM24_1  MM5_4   MM4_4   MM9_4   MM8_4   MM6_4   MM12_4  MM17_4  MM16_4  MM24_4  MM24_4  MM14_4          
MM9_6   MM8_6   MM6_6   MM12_6  MM17_6  MM16_6          MM14_6          MM23_5  MM24_6  MM24_6          MM4_2           MM5_5   MM4_5   MM9_5   MM8_5   MM6_5   MM12_5  MM17_5  MM16_5  MM24_5  MM24_5  MM14_5  
MM20_1  MM23_1          MM9_2   MM8_2   MM6_2   MM12_2  MM17_2  MM16_2          MM14_2  MM24_2  MM24_2  MM5_2           MM5_7   MM4_7   MM9_7   MM8_7   MM6_7   MM12_7  MM17_7  MM16_7  MM24_7  MM24_7  MM14_7  
MM24_3  MM24_3          MM14_3  MM16_3  MM17_3  MM12_3  MM6_3   MM8_3   MM9_3   MM4_3   MM5_3   MM5_8   MM4_8   MM9_8   MM8_8   MM6_8   MM12_8  MM17_8  MM16_8  MM24_8  MM24_8  MM14_8                          
--
MM1_6   MM3_6   MM3_1   MM1_1   MM10_1  MM11_1  MM7_1   MM13_1  MM18_1  MM19_1          MM15_1  MM25_1  MM25_1  MM3_4   MM1_4   MM10_4  MM11_4  MM7_4   MM13_4  MM18_4  MM19_4  MM25_4  MM25_4  MM15_4          
MM10_6  MM11_6  MM7_6   MM13_6  MM18_6  MM19_6          MM15_6          MM22_5  MM25_6  MM25_6          MM1_2           MM3_5   MM1_5   MM10_5  MM11_5  MM7_5   MM13_5  MM18_5  MM19_5  MM25_5  MM25_5  MM15_5  
MM21_1  MM22_1          MM10_2  MM11_2  MM7_2   MM13_2  MM18_2  MM19_2          MM15_2  MM25_2  MM25_2  MM3_2           MM3_7   MM1_7   MM10_7  MM11_7  MM7_7   MM13_7  MM18_7  MM19_7  MM25_7  MM25_7  MM15_7  
MM25_3  MM25_3          MM15_3  MM19_3  MM18_3  MM13_3  MM7_3   MM11_3  MM10_3  MM1_3   MM3_3   MM3_8   MM1_8   MM10_8  MM11_8  MM7_8   MM13_8  MM18_8  MM19_8  MM25_8  MM25_8  MM15_8                          
net15_6 clkn    pd1_6   pd1_6   D6      VSS     VSS     D1      pd1_1   pd1_1   clkn    net15_1 net15_1 clkb    pd3_1   pd3_1   net29_1 VSS     VSS     net15_1 net29_1 net29_1 clkb    net32_1 net32_1 clkn    pd5_1   pd5_1   net37_1 VSS     ------------------------net37_1 net32_1 VSS     VSS     net32_1 QN1     QN1     net32_1 VSS     VSS     D4      pd1_4   pd1_4   clkn    net15_4 net15_4 clkb    pd3_4   pd3_4   net29_4 VSS     VSS     net15_4 net29_4 net29_4 clkb    net32_4 net32_4 clkn    pd5_4   pd5_4   net37_4 VSS     VSS     net32_4 QN4     QN4     net32_4 VSS     VSS     net32_4 net37_4 ------------------------
net15_6 clkb    pd3_6   pd3_6   net29_6 VSS     VSS     net15_6 net29_6 net29_6 clkb    net32_6 net32_6 clkn    pd5_6   pd5_6   net37_6 VSS     ------------------------net37_6 net32_6 VSS     ------------------------clkb    clkn    VSS     VSS     net32_6 QN6     QN6     net32_6 VSS     ------------------------net15_2 clkn    pd1_2   ------------------------VSS     D5      pd1_5   pd1_5   clkn    net15_5 net15_5 clkb    pd3_5   pd3_5   net29_5 VSS     VSS     net15_5 net29_5 net29_5 clkb    net32_5 net32_5 clkn    pd5_5   pd5_5   net37_5 VSS     VSS     net32_5 QN5     QN5     net32_5 VSS     VSS     net32_5 net37_5 
clkn    CLK     VSS     VSS     clkn    clkb    ------------------------net15_2 clkb    pd3_2   pd3_2   net29_2 VSS     VSS     net15_2 net29_2 net29_2 clkb    net32_2 net32_2 clkn    pd5_2   pd5_2   net37_2 VSS     ------------------------net37_2 net32_2 VSS     VSS     net32_2 QN2     QN2     net32_2 VSS     VSS     D2      pd1_2   ------------------------VSS     D7      pd1_7   pd1_7   clkn    net15_7 net15_7 clkb    pd3_7   pd3_7   net29_7 VSS     VSS     net15_7 net29_7 net29_7 clkb    net32_7 net32_7 clkn    pd5_7   pd5_7   net37_7 VSS     VSS     net32_7 QN7     QN7     net32_7 VSS     VSS     net32_7 net37_7 
VSS     net32_3 QN3     QN3     net32_3 VSS     ------------------------net37_3 net32_3 VSS     VSS     net37_3 pd5_3   pd5_3   clkn    net32_3 net32_3 clkb    net29_3 net29_3 net15_3 VSS     VSS     net29_3 pd3_3   pd3_3   clkb    net15_3 net15_3 clkn    pd1_3   pd1_3   D3      VSS     VSS     D8      pd1_8   pd1_8   clkn    net15_8 net15_8 clkb    pd3_8   pd3_8   net29_8 VSS     VSS     net15_8 net29_8 net29_8 clkb    net32_8 net32_8 clkn    pd5_8   pd5_8   net37_8 VSS     VSS     net32_8 QN8     QN8     net32_8 VSS     VSS     net32_8 net37_8 ------------------------------------------------------------------------
--
net15_6 clkb    pu1_6   pu1_6   D6      VDD     VDD     D1      pu1_1   pu1_1   clkb    net15_1 net15_1 clkn    pd2_1   pd2_1   net29_1 VDD     VDD     net15_1 net29_1 net29_1 clkn    net32_1 net32_1 clkb    pd4_1   pd4_1   net37_1 VDD     ------------------------net37_1 net32_1 VDD     VDD     net32_1 QN1     QN1     net32_1 VDD     VDD     D4      pu1_4   pu1_4   clkb    net15_4 net15_4 clkn    pd2_4   pd2_4   net29_4 VDD     VDD     net15_4 net29_4 net29_4 clkn    net32_4 net32_4 clkb    pd4_4   pd4_4   net37_4 VDD     VDD     net32_4 QN4     QN4     net32_4 VDD     VDD     net32_4 net37_4 ------------------------
net15_6 clkn    pd2_6   pd2_6   net29_6 VDD     VDD     net15_6 net29_6 net29_6 clkn    net32_6 net32_6 clkb    pd4_6   pd4_6   net37_6 VDD     ------------------------net37_6 net32_6 VDD     ------------------------clkb    clkn    VDD     VDD     net32_6 QN6     QN6     net32_6 VDD     ------------------------net15_2 clkb    pu1_2   ------------------------VDD     D5      pu1_5   pu1_5   clkb    net15_5 net15_5 clkn    pd2_5   pd2_5   net29_5 VDD     VDD     net15_5 net29_5 net29_5 clkn    net32_5 net32_5 clkb    pd4_5   pd4_5   net37_5 VDD     VDD     net32_5 QN5     QN5     net32_5 VDD     VDD     net32_5 net37_5 
clkn    CLK     VDD     VDD     clkn    clkb    ------------------------net15_2 clkn    pd2_2   pd2_2   net29_2 VDD     VDD     net15_2 net29_2 net29_2 clkn    net32_2 net32_2 clkb    pd4_2   pd4_2   net37_2 VDD     ------------------------net37_2 net32_2 VDD     VDD     net32_2 QN2     QN2     net32_2 VDD     VDD     D2      pu1_2   ------------------------VDD     D7      pu1_7   pu1_7   clkb    net15_7 net15_7 clkn    pd2_7   pd2_7   net29_7 VDD     VDD     net15_7 net29_7 net29_7 clkn    net32_7 net32_7 clkb    pd4_7   pd4_7   net37_7 VDD     VDD     net32_7 QN7     QN7     net32_7 VDD     VDD     net32_7 net37_7 
VDD     net32_3 QN3     QN3     net32_3 VDD     ------------------------net37_3 net32_3 VDD     VDD     net37_3 pd4_3   pd4_3   clkb    net32_3 net32_3 clkn    net29_3 net29_3 net15_3 VDD     VDD     net29_3 pd2_3   pd2_3   clkn    net15_3 net15_3 clkb    pu1_3   pu1_3   D3      VDD     VDD     D8      pu1_8   pu1_8   clkb    net15_8 net15_8 clkn    pd2_8   pd2_8   net29_8 VDD     VDD     net15_8 net29_8 net29_8 clkn    net32_8 net32_8 clkb    pd4_8   pd4_8   net37_8 VDD     VDD     net32_8 QN8     QN8     net32_8 VDD     VDD     net32_8 net37_8 ------------------------------------------------------------------------
net15_6 clkn    pd1_6   D6      VSS     D1      pd1_1   clkn    net15_1 clkb    pd3_1   net29_1 VSS     net15_1 net29_1 clkb    net32_1 clkn    pd5_1   net37_1 VSS     Null    net37_1 net32_1 VSS     net32_1 QN1     net32_1 VSS     D4      pd1_4   clkn    net15_4 clkb    pd3_4   net29_4 VSS     net15_4 net29_4 clkb    net32_4 clkn    pd5_4   net37_4 VSS     net32_4 QN4     net32_4 VSS     net32_4 net37_4 Null    Null    
net15_6 clkb    pd3_6   net29_6 VSS     net15_6 net29_6 clkb    net32_6 clkn    pd5_6   net37_6 VSS     Null    net37_6 net32_6 VSS     Null    clkb    clkn    VSS     net32_6 QN6     net32_6 VSS     Null    net15_2 clkn    pd1_2   Null    VSS     D5      pd1_5   clkn    net15_5 clkb    pd3_5   net29_5 VSS     net15_5 net29_5 clkb    net32_5 clkn    pd5_5   net37_5 VSS     net32_5 QN5     net32_5 VSS     net32_5 net37_5 
clkn    CLK     VSS     clkn    clkb    Null    net15_2 clkb    pd3_2   net29_2 VSS     net15_2 net29_2 clkb    net32_2 clkn    pd5_2   net37_2 VSS     Null    net37_2 net32_2 VSS     net32_2 QN2     net32_2 VSS     D2      pd1_2   Null    VSS     D7      pd1_7   clkn    net15_7 clkb    pd3_7   net29_7 VSS     net15_7 net29_7 clkb    net32_7 clkn    pd5_7   net37_7 VSS     net32_7 QN7     net32_7 VSS     net32_7 net37_7 
VSS     net32_3 QN3     net32_3 VSS     Null    net37_3 net32_3 VSS     net37_3 pd5_3   clkn    net32_3 clkb    net29_3 net15_3 VSS     net29_3 pd3_3   clkb    net15_3 clkn    pd1_3   D3      VSS     D8      pd1_8   clkn    net15_8 clkb    pd3_8   net29_8 VSS     net15_8 net29_8 clkb    net32_8 clkn    pd5_8   net37_8 VSS     net32_8 QN8     net32_8 VSS     net32_8 net37_8 Null    Null    Null    Null    Null    Null    

net15_6 clkb    pu1_6   D6      VDD     D1      pu1_1   clkb    net15_1 clkn    pd2_1   net29_1 VDD     net15_1 net29_1 clkn    net32_1 clkb    pd4_1   net37_1 VDD     Null    net37_1 net32_1 VDD     net32_1 QN1     net32_1 VDD     D4      pu1_4   clkb    net15_4 clkn    pd2_4   net29_4 VDD     net15_4 net29_4 clkn    net32_4 clkb    pd4_4   net37_4 VDD     net32_4 QN4     net32_4 VDD     net32_4 net37_4 Null    Null    
net15_6 clkn    pd2_6   net29_6 VDD     net15_6 net29_6 clkn    net32_6 clkb    pd4_6   net37_6 VDD     Null    net37_6 net32_6 VDD     Null    clkb    clkn    VDD     net32_6 QN6     net32_6 VDD     Null    net15_2 clkb    pu1_2   Null    VDD     D5      pu1_5   clkb    net15_5 clkn    pd2_5   net29_5 VDD     net15_5 net29_5 clkn    net32_5 clkb    pd4_5   net37_5 VDD     net32_5 QN5     net32_5 VDD     net32_5 net37_5 
clkn    CLK     VDD     clkn    clkb    Null    net15_2 clkn    pd2_2   net29_2 VDD     net15_2 net29_2 clkn    net32_2 clkb    pd4_2   net37_2 VDD     Null    net37_2 net32_2 VDD     net32_2 QN2     net32_2 VDD     D2      pu1_2   Null    VDD     D7      pu1_7   clkb    net15_7 clkn    pd2_7   net29_7 VDD     net15_7 net29_7 clkn    net32_7 clkb    pd4_7   net37_7 VDD     net32_7 QN7     net32_7 VDD     net32_7 net37_7 
VDD     net32_3 QN3     net32_3 VDD     Null    net37_3 net32_3 VDD     net37_3 pd4_3   clkb    net32_3 clkn    net29_3 net15_3 VDD     net29_3 pd2_3   clkn    net15_3 clkb    pu1_3   D3      VDD     D8      pu1_8   clkb    net15_8 clkn    pd2_8   net29_8 VDD     net15_8 net29_8 clkn    net32_8 clkb    pd4_8   net37_8 VDD     net32_8 QN8     net32_8 VDD     net32_8 net37_8 Null    Null    Null    Null    Null    Null    

[epoch 6]
[final result] cost: 3030
area: 104
hpml: 296
#inter-row signals: 6
total density: 4403
cost: 3030
hello print_shape
MM4_6   MM5_6   MM5_1   MM4_1   MM9_1   MM8_1   MM6_1   MM12_1  MM17_1  MM16_1          MM14_1  MM24_1  MM24_1  MM5_4   MM4_4   MM9_4   MM8_4   MM6_4   MM12_4  MM17_4  MM16_4          MM14_4  MM24_4  MM24_4  
MM9_6   MM8_6   MM6_6   MM12_6  MM17_6  MM16_6          MM14_6          MM23_5  MM24_6  MM24_6          MM4_2           MM5_5   MM4_5   MM9_5   MM8_5   MM6_5   MM12_5  MM17_5  MM16_5  MM24_5  MM24_5  MM14_5  
MM20_1  MM23_1          MM9_2   MM8_2   MM6_2   MM12_2  MM17_2  MM16_2          MM14_2  MM24_2  MM24_2  MM5_2           MM5_7   MM4_7   MM9_7   MM8_7   MM6_7   MM12_7  MM17_7  MM16_7  MM24_7  MM24_7  MM14_7  
MM24_3  MM24_3          MM14_3  MM16_3  MM17_3  MM12_3  MM6_3   MM8_3   MM9_3   MM4_3   MM5_3   MM5_8   MM4_8   MM9_8   MM8_8   MM6_8   MM12_8  MM17_8  MM16_8  MM24_8  MM24_8  MM14_8                          
--
MM1_6   MM3_6   MM3_1   MM1_1   MM10_1  MM11_1  MM7_1   MM13_1  MM18_1  MM19_1          MM15_1  MM25_1  MM25_1  MM3_4   MM1_4   MM10_4  MM11_4  MM7_4   MM13_4  MM18_4  MM19_4          MM15_4  MM25_4  MM25_4  
MM10_6  MM11_6  MM7_6   MM13_6  MM18_6  MM19_6          MM15_6          MM22_5  MM25_6  MM25_6          MM1_2           MM3_5   MM1_5   MM10_5  MM11_5  MM7_5   MM13_5  MM18_5  MM19_5  MM25_5  MM25_5  MM15_5  
MM21_1  MM22_1          MM10_2  MM11_2  MM7_2   MM13_2  MM18_2  MM19_2          MM15_2  MM25_2  MM25_2  MM3_2           MM3_7   MM1_7   MM10_7  MM11_7  MM7_7   MM13_7  MM18_7  MM19_7  MM25_7  MM25_7  MM15_7  
MM25_3  MM25_3          MM15_3  MM19_3  MM18_3  MM13_3  MM7_3   MM11_3  MM10_3  MM1_3   MM3_3   MM3_8   MM1_8   MM10_8  MM11_8  MM7_8   MM13_8  MM18_8  MM19_8  MM25_8  MM25_8  MM15_8                          
net15_6 clkn    pd1_6   pd1_6   D6      VSS     VSS     D1      pd1_1   pd1_1   clkn    net15_1 net15_1 clkb    pd3_1   pd3_1   net29_1 VSS     VSS     net15_1 net29_1 net29_1 clkb    net32_1 net32_1 clkn    pd5_1   pd5_1   net37_1 VSS     ------------------------net37_1 net32_1 VSS     VSS     net32_1 QN1     QN1     net32_1 VSS     VSS     D4      pd1_4   pd1_4   clkn    net15_4 net15_4 clkb    pd3_4   pd3_4   net29_4 VSS     VSS     net15_4 net29_4 net29_4 clkb    net32_4 net32_4 clkn    pd5_4   pd5_4   net37_4 VSS     ------------------------net37_4 net32_4 VSS     VSS     net32_4 QN4     QN4     net32_4 VSS     
net15_6 clkb    pd3_6   pd3_6   net29_6 VSS     VSS     net15_6 net29_6 net29_6 clkb    net32_6 net32_6 clkn    pd5_6   pd5_6   net37_6 VSS     ------------------------net37_6 net32_6 VSS     ------------------------clkb    clkn    VSS     VSS     net32_6 QN6     QN6     net32_6 VSS     ------------------------net15_2 clkn    pd1_2   ------------------------VSS     D5      pd1_5   pd1_5   clkn    net15_5 net15_5 clkb    pd3_5   pd3_5   net29_5 VSS     VSS     net15_5 net29_5 net29_5 clkb    net32_5 net32_5 clkn    pd5_5   pd5_5   net37_5 VSS     VSS     net32_5 QN5     QN5     net32_5 VSS     VSS     net32_5 net37_5 
clkn    CLK     VSS     VSS     clkn    clkb    ------------------------net15_2 clkb    pd3_2   pd3_2   net29_2 VSS     VSS     net15_2 net29_2 net29_2 clkb    net32_2 net32_2 clkn    pd5_2   pd5_2   net37_2 VSS     ------------------------net37_2 net32_2 VSS     VSS     net32_2 QN2     QN2     net32_2 VSS     VSS     D2      pd1_2   ------------------------VSS     D7      pd1_7   pd1_7   clkn    net15_7 net15_7 clkb    pd3_7   pd3_7   net29_7 VSS     VSS     net15_7 net29_7 net29_7 clkb    net32_7 net32_7 clkn    pd5_7   pd5_7   net37_7 VSS     VSS     net32_7 QN7     QN7     net32_7 VSS     VSS     net32_7 net37_7 
VSS     net32_3 QN3     QN3     net32_3 VSS     ------------------------net37_3 net32_3 VSS     VSS     net37_3 pd5_3   pd5_3   clkn    net32_3 net32_3 clkb    net29_3 net29_3 net15_3 VSS     VSS     net29_3 pd3_3   pd3_3   clkb    net15_3 net15_3 clkn    pd1_3   pd1_3   D3      VSS     VSS     D8      pd1_8   pd1_8   clkn    net15_8 net15_8 clkb    pd3_8   pd3_8   net29_8 VSS     VSS     net15_8 net29_8 net29_8 clkb    net32_8 net32_8 clkn    pd5_8   pd5_8   net37_8 VSS     VSS     net32_8 QN8     QN8     net32_8 VSS     VSS     net32_8 net37_8 ------------------------------------------------------------------------
--
net15_6 clkb    pu1_6   pu1_6   D6      VDD     VDD     D1      pu1_1   pu1_1   clkb    net15_1 net15_1 clkn    pd2_1   pd2_1   net29_1 VDD     VDD     net15_1 net29_1 net29_1 clkn    net32_1 net32_1 clkb    pd4_1   pd4_1   net37_1 VDD     ------------------------net37_1 net32_1 VDD     VDD     net32_1 QN1     QN1     net32_1 VDD     VDD     D4      pu1_4   pu1_4   clkb    net15_4 net15_4 clkn    pd2_4   pd2_4   net29_4 VDD     VDD     net15_4 net29_4 net29_4 clkn    net32_4 net32_4 clkb    pd4_4   pd4_4   net37_4 VDD     ------------------------net37_4 net32_4 VDD     VDD     net32_4 QN4     QN4     net32_4 VDD     
net15_6 clkn    pd2_6   pd2_6   net29_6 VDD     VDD     net15_6 net29_6 net29_6 clkn    net32_6 net32_6 clkb    pd4_6   pd4_6   net37_6 VDD     ------------------------net37_6 net32_6 VDD     ------------------------clkb    clkn    VDD     VDD     net32_6 QN6     QN6     net32_6 VDD     ------------------------net15_2 clkb    pu1_2   ------------------------VDD     D5      pu1_5   pu1_5   clkb    net15_5 net15_5 clkn    pd2_5   pd2_5   net29_5 VDD     VDD     net15_5 net29_5 net29_5 clkn    net32_5 net32_5 clkb    pd4_5   pd4_5   net37_5 VDD     VDD     net32_5 QN5     QN5     net32_5 VDD     VDD     net32_5 net37_5 
clkn    CLK     VDD     VDD     clkn    clkb    ------------------------net15_2 clkn    pd2_2   pd2_2   net29_2 VDD     VDD     net15_2 net29_2 net29_2 clkn    net32_2 net32_2 clkb    pd4_2   pd4_2   net37_2 VDD     ------------------------net37_2 net32_2 VDD     VDD     net32_2 QN2     QN2     net32_2 VDD     VDD     D2      pu1_2   ------------------------VDD     D7      pu1_7   pu1_7   clkb    net15_7 net15_7 clkn    pd2_7   pd2_7   net29_7 VDD     VDD     net15_7 net29_7 net29_7 clkn    net32_7 net32_7 clkb    pd4_7   pd4_7   net37_7 VDD     VDD     net32_7 QN7     QN7     net32_7 VDD     VDD     net32_7 net37_7 
VDD     net32_3 QN3     QN3     net32_3 VDD     ------------------------net37_3 net32_3 VDD     VDD     net37_3 pd4_3   pd4_3   clkb    net32_3 net32_3 clkn    net29_3 net29_3 net15_3 VDD     VDD     net29_3 pd2_3   pd2_3   clkn    net15_3 net15_3 clkb    pu1_3   pu1_3   D3      VDD     VDD     D8      pu1_8   pu1_8   clkb    net15_8 net15_8 clkn    pd2_8   pd2_8   net29_8 VDD     VDD     net15_8 net29_8 net29_8 clkn    net32_8 net32_8 clkb    pd4_8   pd4_8   net37_8 VDD     VDD     net32_8 QN8     QN8     net32_8 VDD     VDD     net32_8 net37_8 ------------------------------------------------------------------------
net15_6 clkn    pd1_6   D6      VSS     D1      pd1_1   clkn    net15_1 clkb    pd3_1   net29_1 VSS     net15_1 net29_1 clkb    net32_1 clkn    pd5_1   net37_1 VSS     Null    net37_1 net32_1 VSS     net32_1 QN1     net32_1 VSS     D4      pd1_4   clkn    net15_4 clkb    pd3_4   net29_4 VSS     net15_4 net29_4 clkb    net32_4 clkn    pd5_4   net37_4 VSS     Null    net37_4 net32_4 VSS     net32_4 QN4     net32_4 VSS     
net15_6 clkb    pd3_6   net29_6 VSS     net15_6 net29_6 clkb    net32_6 clkn    pd5_6   net37_6 VSS     Null    net37_6 net32_6 VSS     Null    clkb    clkn    VSS     net32_6 QN6     net32_6 VSS     Null    net15_2 clkn    pd1_2   Null    VSS     D5      pd1_5   clkn    net15_5 clkb    pd3_5   net29_5 VSS     net15_5 net29_5 clkb    net32_5 clkn    pd5_5   net37_5 VSS     net32_5 QN5     net32_5 VSS     net32_5 net37_5 
clkn    CLK     VSS     clkn    clkb    Null    net15_2 clkb    pd3_2   net29_2 VSS     net15_2 net29_2 clkb    net32_2 clkn    pd5_2   net37_2 VSS     Null    net37_2 net32_2 VSS     net32_2 QN2     net32_2 VSS     D2      pd1_2   Null    VSS     D7      pd1_7   clkn    net15_7 clkb    pd3_7   net29_7 VSS     net15_7 net29_7 clkb    net32_7 clkn    pd5_7   net37_7 VSS     net32_7 QN7     net32_7 VSS     net32_7 net37_7 
VSS     net32_3 QN3     net32_3 VSS     Null    net37_3 net32_3 VSS     net37_3 pd5_3   clkn    net32_3 clkb    net29_3 net15_3 VSS     net29_3 pd3_3   clkb    net15_3 clkn    pd1_3   D3      VSS     D8      pd1_8   clkn    net15_8 clkb    pd3_8   net29_8 VSS     net15_8 net29_8 clkb    net32_8 clkn    pd5_8   net37_8 VSS     net32_8 QN8     net32_8 VSS     net32_8 net37_8 Null    Null    Null    Null    Null    Null    

net15_6 clkb    pu1_6   D6      VDD     D1      pu1_1   clkb    net15_1 clkn    pd2_1   net29_1 VDD     net15_1 net29_1 clkn    net32_1 clkb    pd4_1   net37_1 VDD     Null    net37_1 net32_1 VDD     net32_1 QN1     net32_1 VDD     D4      pu1_4   clkb    net15_4 clkn    pd2_4   net29_4 VDD     net15_4 net29_4 clkn    net32_4 clkb    pd4_4   net37_4 VDD     Null    net37_4 net32_4 VDD     net32_4 QN4     net32_4 VDD     
net15_6 clkn    pd2_6   net29_6 VDD     net15_6 net29_6 clkn    net32_6 clkb    pd4_6   net37_6 VDD     Null    net37_6 net32_6 VDD     Null    clkb    clkn    VDD     net32_6 QN6     net32_6 VDD     Null    net15_2 clkb    pu1_2   Null    VDD     D5      pu1_5   clkb    net15_5 clkn    pd2_5   net29_5 VDD     net15_5 net29_5 clkn    net32_5 clkb    pd4_5   net37_5 VDD     net32_5 QN5     net32_5 VDD     net32_5 net37_5 
clkn    CLK     VDD     clkn    clkb    Null    net15_2 clkn    pd2_2   net29_2 VDD     net15_2 net29_2 clkn    net32_2 clkb    pd4_2   net37_2 VDD     Null    net37_2 net32_2 VDD     net32_2 QN2     net32_2 VDD     D2      pu1_2   Null    VDD     D7      pu1_7   clkb    net15_7 clkn    pd2_7   net29_7 VDD     net15_7 net29_7 clkn    net32_7 clkb    pd4_7   net37_7 VDD     net32_7 QN7     net32_7 VDD     net32_7 net37_7 
VDD     net32_3 QN3     net32_3 VDD     Null    net37_3 net32_3 VDD     net37_3 pd4_3   clkb    net32_3 clkn    net29_3 net15_3 VDD     net29_3 pd2_3   clkn    net15_3 clkb    pu1_3   D3      VDD     D8      pu1_8   clkb    net15_8 clkn    pd2_8   net29_8 VDD     net15_8 net29_8 clkn    net32_8 clkb    pd4_8   net37_8 VDD     net32_8 QN8     net32_8 VDD     net32_8 net37_8 Null    Null    Null    Null    Null    Null    

[epoch 7]
[final result] cost: 3028
area: 104
hpml: 294
#inter-row signals: 6
total density: 4415
cost: 3028
hello print_shape
MM4_6   MM5_6   MM5_1   MM4_1   MM9_1   MM8_1   MM6_1   MM12_1  MM17_1  MM16_1          MM14_1  MM24_1  MM24_1  MM5_4   MM4_4   MM9_4   MM8_4   MM6_4   MM12_4  MM17_4  MM16_4          MM14_4  MM24_4  MM24_4  
MM9_6   MM8_6   MM6_6   MM12_6  MM17_6  MM16_6          MM14_6          MM23_5  MM24_6  MM24_6          MM4_2           MM5_5   MM4_5   MM9_5   MM8_5   MM6_5   MM12_5  MM17_5  MM16_5  MM24_5  MM24_5  MM14_5  
MM20_1  MM23_1          MM9_2   MM8_2   MM6_2   MM12_2  MM17_2  MM16_2          MM14_2  MM24_2  MM24_2  MM5_2           MM5_7   MM4_7   MM9_7   MM8_7   MM6_7   MM12_7  MM17_7  MM16_7  MM24_7  MM24_7  MM14_7  
MM24_3  MM24_3          MM14_3  MM16_3  MM17_3  MM12_3  MM6_3   MM8_3   MM9_3   MM4_3   MM5_3   MM5_8   MM4_8   MM9_8   MM8_8   MM6_8   MM12_8  MM17_8  MM16_8          MM14_8  MM24_8  MM24_8                  
--
MM1_6   MM3_6   MM3_1   MM1_1   MM10_1  MM11_1  MM7_1   MM13_1  MM18_1  MM19_1          MM15_1  MM25_1  MM25_1  MM3_4   MM1_4   MM10_4  MM11_4  MM7_4   MM13_4  MM18_4  MM19_4          MM15_4  MM25_4  MM25_4  
MM10_6  MM11_6  MM7_6   MM13_6  MM18_6  MM19_6          MM15_6          MM22_5  MM25_6  MM25_6          MM1_2           MM3_5   MM1_5   MM10_5  MM11_5  MM7_5   MM13_5  MM18_5  MM19_5  MM25_5  MM25_5  MM15_5  
MM21_1  MM22_1          MM10_2  MM11_2  MM7_2   MM13_2  MM18_2  MM19_2          MM15_2  MM25_2  MM25_2  MM3_2           MM3_7   MM1_7   MM10_7  MM11_7  MM7_7   MM13_7  MM18_7  MM19_7  MM25_7  MM25_7  MM15_7  
MM25_3  MM25_3          MM15_3  MM19_3  MM18_3  MM13_3  MM7_3   MM11_3  MM10_3  MM1_3   MM3_3   MM3_8   MM1_8   MM10_8  MM11_8  MM7_8   MM13_8  MM18_8  MM19_8          MM15_8  MM25_8  MM25_8                  
net15_6 clkn    pd1_6   pd1_6   D6      VSS     VSS     D1      pd1_1   pd1_1   clkn    net15_1 net15_1 clkb    pd3_1   pd3_1   net29_1 VSS     VSS     net15_1 net29_1 net29_1 clkb    net32_1 net32_1 clkn    pd5_1   pd5_1   net37_1 VSS     ------------------------net37_1 net32_1 VSS     VSS     net32_1 QN1     QN1     net32_1 VSS     VSS     D4      pd1_4   pd1_4   clkn    net15_4 net15_4 clkb    pd3_4   pd3_4   net29_4 VSS     VSS     net15_4 net29_4 net29_4 clkb    net32_4 net32_4 clkn    pd5_4   pd5_4   net37_4 VSS     ------------------------net37_4 net32_4 VSS     VSS     net32_4 QN4     QN4     net32_4 VSS     
net15_6 clkb    pd3_6   pd3_6   net29_6 VSS     VSS     net15_6 net29_6 net29_6 clkb    net32_6 net32_6 clkn    pd5_6   pd5_6   net37_6 VSS     ------------------------net37_6 net32_6 VSS     ------------------------clkb    clkn    VSS     VSS     net32_6 QN6     QN6     net32_6 VSS     ------------------------net15_2 clkn    pd1_2   ------------------------VSS     D5      pd1_5   pd1_5   clkn    net15_5 net15_5 clkb    pd3_5   pd3_5   net29_5 VSS     VSS     net15_5 net29_5 net29_5 clkb    net32_5 net32_5 clkn    pd5_5   pd5_5   net37_5 VSS     VSS     net32_5 QN5     QN5     net32_5 VSS     VSS     net32_5 net37_5 
clkn    CLK     VSS     VSS     clkn    clkb    ------------------------net15_2 clkb    pd3_2   pd3_2   net29_2 VSS     VSS     net15_2 net29_2 net29_2 clkb    net32_2 net32_2 clkn    pd5_2   pd5_2   net37_2 VSS     ------------------------net37_2 net32_2 VSS     VSS     net32_2 QN2     QN2     net32_2 VSS     VSS     D2      pd1_2   ------------------------VSS     D7      pd1_7   pd1_7   clkn    net15_7 net15_7 clkb    pd3_7   pd3_7   net29_7 VSS     VSS     net15_7 net29_7 net29_7 clkb    net32_7 net32_7 clkn    pd5_7   pd5_7   net37_7 VSS     VSS     net32_7 QN7     QN7     net32_7 VSS     VSS     net32_7 net37_7 
VSS     net32_3 QN3     QN3     net32_3 VSS     ------------------------net37_3 net32_3 VSS     VSS     net37_3 pd5_3   pd5_3   clkn    net32_3 net32_3 clkb    net29_3 net29_3 net15_3 VSS     VSS     net29_3 pd3_3   pd3_3   clkb    net15_3 net15_3 clkn    pd1_3   pd1_3   D3      VSS     VSS     D8      pd1_8   pd1_8   clkn    net15_8 net15_8 clkb    pd3_8   pd3_8   net29_8 VSS     VSS     net15_8 net29_8 net29_8 clkb    net32_8 net32_8 clkn    pd5_8   pd5_8   net37_8 VSS     ------------------------net37_8 net32_8 VSS     VSS     net32_8 QN8     QN8     net32_8 VSS     ------------------------------------------------
--
net15_6 clkb    pu1_6   pu1_6   D6      VDD     VDD     D1      pu1_1   pu1_1   clkb    net15_1 net15_1 clkn    pd2_1   pd2_1   net29_1 VDD     VDD     net15_1 net29_1 net29_1 clkn    net32_1 net32_1 clkb    pd4_1   pd4_1   net37_1 VDD     ------------------------net37_1 net32_1 VDD     VDD     net32_1 QN1     QN1     net32_1 VDD     VDD     D4      pu1_4   pu1_4   clkb    net15_4 net15_4 clkn    pd2_4   pd2_4   net29_4 VDD     VDD     net15_4 net29_4 net29_4 clkn    net32_4 net32_4 clkb    pd4_4   pd4_4   net37_4 VDD     ------------------------net37_4 net32_4 VDD     VDD     net32_4 QN4     QN4     net32_4 VDD     
net15_6 clkn    pd2_6   pd2_6   net29_6 VDD     VDD     net15_6 net29_6 net29_6 clkn    net32_6 net32_6 clkb    pd4_6   pd4_6   net37_6 VDD     ------------------------net37_6 net32_6 VDD     ------------------------clkb    clkn    VDD     VDD     net32_6 QN6     QN6     net32_6 VDD     ------------------------net15_2 clkb    pu1_2   ------------------------VDD     D5      pu1_5   pu1_5   clkb    net15_5 net15_5 clkn    pd2_5   pd2_5   net29_5 VDD     VDD     net15_5 net29_5 net29_5 clkn    net32_5 net32_5 clkb    pd4_5   pd4_5   net37_5 VDD     VDD     net32_5 QN5     QN5     net32_5 VDD     VDD     net32_5 net37_5 
clkn    CLK     VDD     VDD     clkn    clkb    ------------------------net15_2 clkn    pd2_2   pd2_2   net29_2 VDD     VDD     net15_2 net29_2 net29_2 clkn    net32_2 net32_2 clkb    pd4_2   pd4_2   net37_2 VDD     ------------------------net37_2 net32_2 VDD     VDD     net32_2 QN2     QN2     net32_2 VDD     VDD     D2      pu1_2   ------------------------VDD     D7      pu1_7   pu1_7   clkb    net15_7 net15_7 clkn    pd2_7   pd2_7   net29_7 VDD     VDD     net15_7 net29_7 net29_7 clkn    net32_7 net32_7 clkb    pd4_7   pd4_7   net37_7 VDD     VDD     net32_7 QN7     QN7     net32_7 VDD     VDD     net32_7 net37_7 
VDD     net32_3 QN3     QN3     net32_3 VDD     ------------------------net37_3 net32_3 VDD     VDD     net37_3 pd4_3   pd4_3   clkb    net32_3 net32_3 clkn    net29_3 net29_3 net15_3 VDD     VDD     net29_3 pd2_3   pd2_3   clkn    net15_3 net15_3 clkb    pu1_3   pu1_3   D3      VDD     VDD     D8      pu1_8   pu1_8   clkb    net15_8 net15_8 clkn    pd2_8   pd2_8   net29_8 VDD     VDD     net15_8 net29_8 net29_8 clkn    net32_8 net32_8 clkb    pd4_8   pd4_8   net37_8 VDD     ------------------------net37_8 net32_8 VDD     VDD     net32_8 QN8     QN8     net32_8 VDD     ------------------------------------------------
net15_6 clkn    pd1_6   D6      VSS     D1      pd1_1   clkn    net15_1 clkb    pd3_1   net29_1 VSS     net15_1 net29_1 clkb    net32_1 clkn    pd5_1   net37_1 VSS     Null    net37_1 net32_1 VSS     net32_1 QN1     net32_1 VSS     D4      pd1_4   clkn    net15_4 clkb    pd3_4   net29_4 VSS     net15_4 net29_4 clkb    net32_4 clkn    pd5_4   net37_4 VSS     Null    net37_4 net32_4 VSS     net32_4 QN4     net32_4 VSS     
net15_6 clkb    pd3_6   net29_6 VSS     net15_6 net29_6 clkb    net32_6 clkn    pd5_6   net37_6 VSS     Null    net37_6 net32_6 VSS     Null    clkb    clkn    VSS     net32_6 QN6     net32_6 VSS     Null    net15_2 clkn    pd1_2   Null    VSS     D5      pd1_5   clkn    net15_5 clkb    pd3_5   net29_5 VSS     net15_5 net29_5 clkb    net32_5 clkn    pd5_5   net37_5 VSS     net32_5 QN5     net32_5 VSS     net32_5 net37_5 
clkn    CLK     VSS     clkn    clkb    Null    net15_2 clkb    pd3_2   net29_2 VSS     net15_2 net29_2 clkb    net32_2 clkn    pd5_2   net37_2 VSS     Null    net37_2 net32_2 VSS     net32_2 QN2     net32_2 VSS     D2      pd1_2   Null    VSS     D7      pd1_7   clkn    net15_7 clkb    pd3_7   net29_7 VSS     net15_7 net29_7 clkb    net32_7 clkn    pd5_7   net37_7 VSS     net32_7 QN7     net32_7 VSS     net32_7 net37_7 
VSS     net32_3 QN3     net32_3 VSS     Null    net37_3 net32_3 VSS     net37_3 pd5_3   clkn    net32_3 clkb    net29_3 net15_3 VSS     net29_3 pd3_3   clkb    net15_3 clkn    pd1_3   D3      VSS     D8      pd1_8   clkn    net15_8 clkb    pd3_8   net29_8 VSS     net15_8 net29_8 clkb    net32_8 clkn    pd5_8   net37_8 VSS     Null    net37_8 net32_8 VSS     net32_8 QN8     net32_8 VSS     Null    Null    Null    Null    

net15_6 clkb    pu1_6   D6      VDD     D1      pu1_1   clkb    net15_1 clkn    pd2_1   net29_1 VDD     net15_1 net29_1 clkn    net32_1 clkb    pd4_1   net37_1 VDD     Null    net37_1 net32_1 VDD     net32_1 QN1     net32_1 VDD     D4      pu1_4   clkb    net15_4 clkn    pd2_4   net29_4 VDD     net15_4 net29_4 clkn    net32_4 clkb    pd4_4   net37_4 VDD     Null    net37_4 net32_4 VDD     net32_4 QN4     net32_4 VDD     
net15_6 clkn    pd2_6   net29_6 VDD     net15_6 net29_6 clkn    net32_6 clkb    pd4_6   net37_6 VDD     Null    net37_6 net32_6 VDD     Null    clkb    clkn    VDD     net32_6 QN6     net32_6 VDD     Null    net15_2 clkb    pu1_2   Null    VDD     D5      pu1_5   clkb    net15_5 clkn    pd2_5   net29_5 VDD     net15_5 net29_5 clkn    net32_5 clkb    pd4_5   net37_5 VDD     net32_5 QN5     net32_5 VDD     net32_5 net37_5 
clkn    CLK     VDD     clkn    clkb    Null    net15_2 clkn    pd2_2   net29_2 VDD     net15_2 net29_2 clkn    net32_2 clkb    pd4_2   net37_2 VDD     Null    net37_2 net32_2 VDD     net32_2 QN2     net32_2 VDD     D2      pu1_2   Null    VDD     D7      pu1_7   clkb    net15_7 clkn    pd2_7   net29_7 VDD     net15_7 net29_7 clkn    net32_7 clkb    pd4_7   net37_7 VDD     net32_7 QN7     net32_7 VDD     net32_7 net37_7 
VDD     net32_3 QN3     net32_3 VDD     Null    net37_3 net32_3 VDD     net37_3 pd4_3   clkb    net32_3 clkn    net29_3 net15_3 VDD     net29_3 pd2_3   clkn    net15_3 clkb    pu1_3   D3      VDD     D8      pu1_8   clkb    net15_8 clkn    pd2_8   net29_8 VDD     net15_8 net29_8 clkn    net32_8 clkb    pd4_8   net37_8 VDD     Null    net37_8 net32_8 VDD     net32_8 QN8     net32_8 VDD     Null    Null    Null    Null    

[epoch 8]
[final result] cost: 3023
area: 104
hpml: 290
#inter-row signals: 6
total density: 4379
cost: 3023
hello print_shape
MM4_6   MM5_6   MM5_1   MM4_1   MM9_1   MM8_1   MM6_1   MM12_1  MM17_1  MM16_1          MM14_1  MM24_1  MM24_1  MM5_4   MM4_4   MM9_4   MM8_4   MM6_4   MM12_4  MM17_4  MM16_4          MM14_4  MM24_4  MM24_4  
MM9_6   MM8_6   MM6_6   MM12_6  MM17_6  MM16_6          MM14_6  MM24_6  MM24_6          MM23_5          MM4_2           MM5_5   MM4_5   MM9_5   MM8_5   MM6_5   MM12_5  MM17_5  MM16_5  MM24_5  MM24_5  MM14_5  
MM20_1  MM23_1          MM9_2   MM8_2   MM6_2   MM12_2  MM17_2  MM16_2          MM14_2  MM24_2  MM24_2  MM5_2           MM5_7   MM4_7   MM9_7   MM8_7   MM6_7   MM12_7  MM17_7  MM16_7  MM24_7  MM24_7  MM14_7  
MM24_3  MM24_3          MM14_3  MM16_3  MM17_3  MM12_3  MM6_3   MM8_3   MM9_3   MM4_3   MM5_3   MM5_8   MM4_8   MM9_8   MM8_8   MM6_8   MM12_8  MM17_8  MM16_8          MM14_8  MM24_8  MM24_8                  
--
MM1_6   MM3_6   MM3_1   MM1_1   MM10_1  MM11_1  MM7_1   MM13_1  MM18_1  MM19_1          MM15_1  MM25_1  MM25_1  MM3_4   MM1_4   MM10_4  MM11_4  MM7_4   MM13_4  MM18_4  MM19_4          MM15_4  MM25_4  MM25_4  
MM10_6  MM11_6  MM7_6   MM13_6  MM18_6  MM19_6          MM15_6  MM25_6  MM25_6          MM22_5          MM1_2           MM3_5   MM1_5   MM10_5  MM11_5  MM7_5   MM13_5  MM18_5  MM19_5  MM25_5  MM25_5  MM15_5  
MM21_1  MM22_1          MM10_2  MM11_2  MM7_2   MM13_2  MM18_2  MM19_2          MM15_2  MM25_2  MM25_2  MM3_2           MM3_7   MM1_7   MM10_7  MM11_7  MM7_7   MM13_7  MM18_7  MM19_7  MM25_7  MM25_7  MM15_7  
MM25_3  MM25_3          MM15_3  MM19_3  MM18_3  MM13_3  MM7_3   MM11_3  MM10_3  MM1_3   MM3_3   MM3_8   MM1_8   MM10_8  MM11_8  MM7_8   MM13_8  MM18_8  MM19_8          MM15_8  MM25_8  MM25_8                  
net15_6 clkn    pd1_6   pd1_6   D6      VSS     VSS     D1      pd1_1   pd1_1   clkn    net15_1 net15_1 clkb    pd3_1   pd3_1   net29_1 VSS     VSS     net15_1 net29_1 net29_1 clkb    net32_1 net32_1 clkn    pd5_1   pd5_1   net37_1 VSS     ------------------------net37_1 net32_1 VSS     VSS     net32_1 QN1     QN1     net32_1 VSS     VSS     D4      pd1_4   pd1_4   clkn    net15_4 net15_4 clkb    pd3_4   pd3_4   net29_4 VSS     VSS     net15_4 net29_4 net29_4 clkb    net32_4 net32_4 clkn    pd5_4   pd5_4   net37_4 VSS     ------------------------net37_4 net32_4 VSS     VSS     net32_4 QN4     QN4     net32_4 VSS     
net15_6 clkb    pd3_6   pd3_6   net29_6 VSS     VSS     net15_6 net29_6 net29_6 clkb    net32_6 net32_6 clkn    pd5_6   pd5_6   net37_6 VSS     ------------------------net37_6 net32_6 VSS     VSS     net32_6 QN6     QN6     net32_6 VSS     ------------------------clkb    clkn    VSS     ------------------------net15_2 clkn    pd1_2   ------------------------VSS     D5      pd1_5   pd1_5   clkn    net15_5 net15_5 clkb    pd3_5   pd3_5   net29_5 VSS     VSS     net15_5 net29_5 net29_5 clkb    net32_5 net32_5 clkn    pd5_5   pd5_5   net37_5 VSS     VSS     net32_5 QN5     QN5     net32_5 VSS     VSS     net32_5 net37_5 
clkn    CLK     VSS     VSS     clkn    clkb    ------------------------net15_2 clkb    pd3_2   pd3_2   net29_2 VSS     VSS     net15_2 net29_2 net29_2 clkb    net32_2 net32_2 clkn    pd5_2   pd5_2   net37_2 VSS     ------------------------net37_2 net32_2 VSS     VSS     net32_2 QN2     QN2     net32_2 VSS     VSS     D2      pd1_2   ------------------------VSS     D7      pd1_7   pd1_7   clkn    net15_7 net15_7 clkb    pd3_7   pd3_7   net29_7 VSS     VSS     net15_7 net29_7 net29_7 clkb    net32_7 net32_7 clkn    pd5_7   pd5_7   net37_7 VSS     VSS     net32_7 QN7     QN7     net32_7 VSS     VSS     net32_7 net37_7 
VSS     net32_3 QN3     QN3     net32_3 VSS     ------------------------net37_3 net32_3 VSS     VSS     net37_3 pd5_3   pd5_3   clkn    net32_3 net32_3 clkb    net29_3 net29_3 net15_3 VSS     VSS     net29_3 pd3_3   pd3_3   clkb    net15_3 net15_3 clkn    pd1_3   pd1_3   D3      VSS     VSS     D8      pd1_8   pd1_8   clkn    net15_8 net15_8 clkb    pd3_8   pd3_8   net29_8 VSS     VSS     net15_8 net29_8 net29_8 clkb    net32_8 net32_8 clkn    pd5_8   pd5_8   net37_8 VSS     ------------------------net37_8 net32_8 VSS     VSS     net32_8 QN8     QN8     net32_8 VSS     ------------------------------------------------
--
net15_6 clkb    pu1_6   pu1_6   D6      VDD     VDD     D1      pu1_1   pu1_1   clkb    net15_1 net15_1 clkn    pd2_1   pd2_1   net29_1 VDD     VDD     net15_1 net29_1 net29_1 clkn    net32_1 net32_1 clkb    pd4_1   pd4_1   net37_1 VDD     ------------------------net37_1 net32_1 VDD     VDD     net32_1 QN1     QN1     net32_1 VDD     VDD     D4      pu1_4   pu1_4   clkb    net15_4 net15_4 clkn    pd2_4   pd2_4   net29_4 VDD     VDD     net15_4 net29_4 net29_4 clkn    net32_4 net32_4 clkb    pd4_4   pd4_4   net37_4 VDD     ------------------------net37_4 net32_4 VDD     VDD     net32_4 QN4     QN4     net32_4 VDD     
net15_6 clkn    pd2_6   pd2_6   net29_6 VDD     VDD     net15_6 net29_6 net29_6 clkn    net32_6 net32_6 clkb    pd4_6   pd4_6   net37_6 VDD     ------------------------net37_6 net32_6 VDD     VDD     net32_6 QN6     QN6     net32_6 VDD     ------------------------clkb    clkn    VDD     ------------------------net15_2 clkb    pu1_2   ------------------------VDD     D5      pu1_5   pu1_5   clkb    net15_5 net15_5 clkn    pd2_5   pd2_5   net29_5 VDD     VDD     net15_5 net29_5 net29_5 clkn    net32_5 net32_5 clkb    pd4_5   pd4_5   net37_5 VDD     VDD     net32_5 QN5     QN5     net32_5 VDD     VDD     net32_5 net37_5 
clkn    CLK     VDD     VDD     clkn    clkb    ------------------------net15_2 clkn    pd2_2   pd2_2   net29_2 VDD     VDD     net15_2 net29_2 net29_2 clkn    net32_2 net32_2 clkb    pd4_2   pd4_2   net37_2 VDD     ------------------------net37_2 net32_2 VDD     VDD     net32_2 QN2     QN2     net32_2 VDD     VDD     D2      pu1_2   ------------------------VDD     D7      pu1_7   pu1_7   clkb    net15_7 net15_7 clkn    pd2_7   pd2_7   net29_7 VDD     VDD     net15_7 net29_7 net29_7 clkn    net32_7 net32_7 clkb    pd4_7   pd4_7   net37_7 VDD     VDD     net32_7 QN7     QN7     net32_7 VDD     VDD     net32_7 net37_7 
VDD     net32_3 QN3     QN3     net32_3 VDD     ------------------------net37_3 net32_3 VDD     VDD     net37_3 pd4_3   pd4_3   clkb    net32_3 net32_3 clkn    net29_3 net29_3 net15_3 VDD     VDD     net29_3 pd2_3   pd2_3   clkn    net15_3 net15_3 clkb    pu1_3   pu1_3   D3      VDD     VDD     D8      pu1_8   pu1_8   clkb    net15_8 net15_8 clkn    pd2_8   pd2_8   net29_8 VDD     VDD     net15_8 net29_8 net29_8 clkn    net32_8 net32_8 clkb    pd4_8   pd4_8   net37_8 VDD     ------------------------net37_8 net32_8 VDD     VDD     net32_8 QN8     QN8     net32_8 VDD     ------------------------------------------------
net15_6 clkn    pd1_6   D6      VSS     D1      pd1_1   clkn    net15_1 clkb    pd3_1   net29_1 VSS     net15_1 net29_1 clkb    net32_1 clkn    pd5_1   net37_1 VSS     Null    net37_1 net32_1 VSS     net32_1 QN1     net32_1 VSS     D4      pd1_4   clkn    net15_4 clkb    pd3_4   net29_4 VSS     net15_4 net29_4 clkb    net32_4 clkn    pd5_4   net37_4 VSS     Null    net37_4 net32_4 VSS     net32_4 QN4     net32_4 VSS     
net15_6 clkb    pd3_6   net29_6 VSS     net15_6 net29_6 clkb    net32_6 clkn    pd5_6   net37_6 VSS     Null    net37_6 net32_6 VSS     net32_6 QN6     net32_6 VSS     Null    clkb    clkn    VSS     Null    net15_2 clkn    pd1_2   Null    VSS     D5      pd1_5   clkn    net15_5 clkb    pd3_5   net29_5 VSS     net15_5 net29_5 clkb    net32_5 clkn    pd5_5   net37_5 VSS     net32_5 QN5     net32_5 VSS     net32_5 net37_5 
clkn    CLK     VSS     clkn    clkb    Null    net15_2 clkb    pd3_2   net29_2 VSS     net15_2 net29_2 clkb    net32_2 clkn    pd5_2   net37_2 VSS     Null    net37_2 net32_2 VSS     net32_2 QN2     net32_2 VSS     D2      pd1_2   Null    VSS     D7      pd1_7   clkn    net15_7 clkb    pd3_7   net29_7 VSS     net15_7 net29_7 clkb    net32_7 clkn    pd5_7   net37_7 VSS     net32_7 QN7     net32_7 VSS     net32_7 net37_7 
VSS     net32_3 QN3     net32_3 VSS     Null    net37_3 net32_3 VSS     net37_3 pd5_3   clkn    net32_3 clkb    net29_3 net15_3 VSS     net29_3 pd3_3   clkb    net15_3 clkn    pd1_3   D3      VSS     D8      pd1_8   clkn    net15_8 clkb    pd3_8   net29_8 VSS     net15_8 net29_8 clkb    net32_8 clkn    pd5_8   net37_8 VSS     Null    net37_8 net32_8 VSS     net32_8 QN8     net32_8 VSS     Null    Null    Null    Null    

net15_6 clkb    pu1_6   D6      VDD     D1      pu1_1   clkb    net15_1 clkn    pd2_1   net29_1 VDD     net15_1 net29_1 clkn    net32_1 clkb    pd4_1   net37_1 VDD     Null    net37_1 net32_1 VDD     net32_1 QN1     net32_1 VDD     D4      pu1_4   clkb    net15_4 clkn    pd2_4   net29_4 VDD     net15_4 net29_4 clkn    net32_4 clkb    pd4_4   net37_4 VDD     Null    net37_4 net32_4 VDD     net32_4 QN4     net32_4 VDD     
net15_6 clkn    pd2_6   net29_6 VDD     net15_6 net29_6 clkn    net32_6 clkb    pd4_6   net37_6 VDD     Null    net37_6 net32_6 VDD     net32_6 QN6     net32_6 VDD     Null    clkb    clkn    VDD     Null    net15_2 clkb    pu1_2   Null    VDD     D5      pu1_5   clkb    net15_5 clkn    pd2_5   net29_5 VDD     net15_5 net29_5 clkn    net32_5 clkb    pd4_5   net37_5 VDD     net32_5 QN5     net32_5 VDD     net32_5 net37_5 
clkn    CLK     VDD     clkn    clkb    Null    net15_2 clkn    pd2_2   net29_2 VDD     net15_2 net29_2 clkn    net32_2 clkb    pd4_2   net37_2 VDD     Null    net37_2 net32_2 VDD     net32_2 QN2     net32_2 VDD     D2      pu1_2   Null    VDD     D7      pu1_7   clkb    net15_7 clkn    pd2_7   net29_7 VDD     net15_7 net29_7 clkn    net32_7 clkb    pd4_7   net37_7 VDD     net32_7 QN7     net32_7 VDD     net32_7 net37_7 
VDD     net32_3 QN3     net32_3 VDD     Null    net37_3 net32_3 VDD     net37_3 pd4_3   clkb    net32_3 clkn    net29_3 net15_3 VDD     net29_3 pd2_3   clkn    net15_3 clkb    pu1_3   D3      VDD     D8      pu1_8   clkb    net15_8 clkn    pd2_8   net29_8 VDD     net15_8 net29_8 clkn    net32_8 clkb    pd4_8   net37_8 VDD     Null    net37_8 net32_8 VDD     net32_8 QN8     net32_8 VDD     Null    Null    Null    Null    

[epoch 9]
[final result] cost: 2990
area: 104
hpml: 288
#inter-row signals: 4
total density: 4275
cost: 2990
hello print_shape
MM4_6   MM5_6   MM5_1   MM4_1   MM9_1   MM8_1   MM6_1   MM12_1  MM17_1  MM16_1          MM14_1  MM24_1  MM24_1  MM5_4   MM4_4   MM9_4   MM8_4   MM6_4   MM12_4  MM17_4  MM16_4          MM14_4  MM24_4  MM24_4  
MM9_6   MM8_6   MM6_6   MM12_6  MM17_6  MM16_6          MM14_6  MM24_6  MM24_6          MM23_5          MM4_2   MM5_2   MM5_5   MM4_5   MM9_5   MM8_5   MM6_5   MM12_5  MM17_5  MM16_5  MM24_5  MM24_5  MM14_5  
MM20_1  MM23_1          MM9_2   MM8_2   MM6_2   MM12_2  MM17_2  MM16_2          MM14_2  MM24_2  MM24_2  MM5_7   MM4_7   MM9_7   MM8_7   MM6_7   MM12_7  MM17_7  MM16_7  MM24_7  MM24_7  MM14_7                  
MM24_3  MM24_3          MM14_3  MM16_3  MM17_3  MM12_3  MM6_3   MM8_3   MM9_3   MM4_3   MM5_3   MM5_8   MM4_8   MM9_8   MM8_8   MM6_8   MM12_8  MM17_8  MM16_8          MM14_8  MM24_8  MM24_8                  
--
MM1_6   MM3_6   MM3_1   MM1_1   MM10_1  MM11_1  MM7_1   MM13_1  MM18_1  MM19_1          MM15_1  MM25_1  MM25_1  MM3_4   MM1_4   MM10_4  MM11_4  MM7_4   MM13_4  MM18_4  MM19_4          MM15_4  MM25_4  MM25_4  
MM10_6  MM11_6  MM7_6   MM13_6  MM18_6  MM19_6          MM15_6  MM25_6  MM25_6          MM22_5          MM1_2   MM3_2   MM3_5   MM1_5   MM10_5  MM11_5  MM7_5   MM13_5  MM18_5  MM19_5  MM25_5  MM25_5  MM15_5  
MM21_1  MM22_1          MM10_2  MM11_2  MM7_2   MM13_2  MM18_2  MM19_2          MM15_2  MM25_2  MM25_2  MM3_7   MM1_7   MM10_7  MM11_7  MM7_7   MM13_7  MM18_7  MM19_7  MM25_7  MM25_7  MM15_7                  
MM25_3  MM25_3          MM15_3  MM19_3  MM18_3  MM13_3  MM7_3   MM11_3  MM10_3  MM1_3   MM3_3   MM3_8   MM1_8   MM10_8  MM11_8  MM7_8   MM13_8  MM18_8  MM19_8          MM15_8  MM25_8  MM25_8                  
net15_6 clkn    pd1_6   pd1_6   D6      VSS     VSS     D1      pd1_1   pd1_1   clkn    net15_1 net15_1 clkb    pd3_1   pd3_1   net29_1 VSS     VSS     net15_1 net29_1 net29_1 clkb    net32_1 net32_1 clkn    pd5_1   pd5_1   net37_1 VSS     ------------------------net37_1 net32_1 VSS     VSS     net32_1 QN1     QN1     net32_1 VSS     VSS     D4      pd1_4   pd1_4   clkn    net15_4 net15_4 clkb    pd3_4   pd3_4   net29_4 VSS     VSS     net15_4 net29_4 net29_4 clkb    net32_4 net32_4 clkn    pd5_4   pd5_4   net37_4 VSS     ------------------------net37_4 net32_4 VSS     VSS     net32_4 QN4     QN4     net32_4 VSS     
net15_6 clkb    pd3_6   pd3_6   net29_6 VSS     VSS     net15_6 net29_6 net29_6 clkb    net32_6 net32_6 clkn    pd5_6   pd5_6   net37_6 VSS     ------------------------net37_6 net32_6 VSS     VSS     net32_6 QN6     QN6     net32_6 VSS     ------------------------clkb    clkn    VSS     ------------------------net15_2 clkn    pd1_2   pd1_2   D2      VSS     VSS     D5      pd1_5   pd1_5   clkn    net15_5 net15_5 clkb    pd3_5   pd3_5   net29_5 VSS     VSS     net15_5 net29_5 net29_5 clkb    net32_5 net32_5 clkn    pd5_5   pd5_5   net37_5 VSS     VSS     net32_5 QN5     QN5     net32_5 VSS     VSS     net32_5 net37_5 
clkn    CLK     VSS     VSS     clkn    clkb    ------------------------net15_2 clkb    pd3_2   pd3_2   net29_2 VSS     VSS     net15_2 net29_2 net29_2 clkb    net32_2 net32_2 clkn    pd5_2   pd5_2   net37_2 VSS     ------------------------net37_2 net32_2 VSS     VSS     net32_2 QN2     QN2     net32_2 VSS     VSS     D7      pd1_7   pd1_7   clkn    net15_7 net15_7 clkb    pd3_7   pd3_7   net29_7 VSS     VSS     net15_7 net29_7 net29_7 clkb    net32_7 net32_7 clkn    pd5_7   pd5_7   net37_7 VSS     VSS     net32_7 QN7     QN7     net32_7 VSS     VSS     net32_7 net37_7 ------------------------------------------------
VSS     net32_3 QN3     QN3     net32_3 VSS     ------------------------net37_3 net32_3 VSS     VSS     net37_3 pd5_3   pd5_3   clkn    net32_3 net32_3 clkb    net29_3 net29_3 net15_3 VSS     VSS     net29_3 pd3_3   pd3_3   clkb    net15_3 net15_3 clkn    pd1_3   pd1_3   D3      VSS     VSS     D8      pd1_8   pd1_8   clkn    net15_8 net15_8 clkb    pd3_8   pd3_8   net29_8 VSS     VSS     net15_8 net29_8 net29_8 clkb    net32_8 net32_8 clkn    pd5_8   pd5_8   net37_8 VSS     ------------------------net37_8 net32_8 VSS     VSS     net32_8 QN8     QN8     net32_8 VSS     ------------------------------------------------
--
net15_6 clkb    pu1_6   pu1_6   D6      VDD     VDD     D1      pu1_1   pu1_1   clkb    net15_1 net15_1 clkn    pd2_1   pd2_1   net29_1 VDD     VDD     net15_1 net29_1 net29_1 clkn    net32_1 net32_1 clkb    pd4_1   pd4_1   net37_1 VDD     ------------------------net37_1 net32_1 VDD     VDD     net32_1 QN1     QN1     net32_1 VDD     VDD     D4      pu1_4   pu1_4   clkb    net15_4 net15_4 clkn    pd2_4   pd2_4   net29_4 VDD     VDD     net15_4 net29_4 net29_4 clkn    net32_4 net32_4 clkb    pd4_4   pd4_4   net37_4 VDD     ------------------------net37_4 net32_4 VDD     VDD     net32_4 QN4     QN4     net32_4 VDD     
net15_6 clkn    pd2_6   pd2_6   net29_6 VDD     VDD     net15_6 net29_6 net29_6 clkn    net32_6 net32_6 clkb    pd4_6   pd4_6   net37_6 VDD     ------------------------net37_6 net32_6 VDD     VDD     net32_6 QN6     QN6     net32_6 VDD     ------------------------clkb    clkn    VDD     ------------------------net15_2 clkb    pu1_2   pu1_2   D2      VDD     VDD     D5      pu1_5   pu1_5   clkb    net15_5 net15_5 clkn    pd2_5   pd2_5   net29_5 VDD     VDD     net15_5 net29_5 net29_5 clkn    net32_5 net32_5 clkb    pd4_5   pd4_5   net37_5 VDD     VDD     net32_5 QN5     QN5     net32_5 VDD     VDD     net32_5 net37_5 
clkn    CLK     VDD     VDD     clkn    clkb    ------------------------net15_2 clkn    pd2_2   pd2_2   net29_2 VDD     VDD     net15_2 net29_2 net29_2 clkn    net32_2 net32_2 clkb    pd4_2   pd4_2   net37_2 VDD     ------------------------net37_2 net32_2 VDD     VDD     net32_2 QN2     QN2     net32_2 VDD     VDD     D7      pu1_7   pu1_7   clkb    net15_7 net15_7 clkn    pd2_7   pd2_7   net29_7 VDD     VDD     net15_7 net29_7 net29_7 clkn    net32_7 net32_7 clkb    pd4_7   pd4_7   net37_7 VDD     VDD     net32_7 QN7     QN7     net32_7 VDD     VDD     net32_7 net37_7 ------------------------------------------------
VDD     net32_3 QN3     QN3     net32_3 VDD     ------------------------net37_3 net32_3 VDD     VDD     net37_3 pd4_3   pd4_3   clkb    net32_3 net32_3 clkn    net29_3 net29_3 net15_3 VDD     VDD     net29_3 pd2_3   pd2_3   clkn    net15_3 net15_3 clkb    pu1_3   pu1_3   D3      VDD     VDD     D8      pu1_8   pu1_8   clkb    net15_8 net15_8 clkn    pd2_8   pd2_8   net29_8 VDD     VDD     net15_8 net29_8 net29_8 clkn    net32_8 net32_8 clkb    pd4_8   pd4_8   net37_8 VDD     ------------------------net37_8 net32_8 VDD     VDD     net32_8 QN8     QN8     net32_8 VDD     ------------------------------------------------
net15_6 clkn    pd1_6   D6      VSS     D1      pd1_1   clkn    net15_1 clkb    pd3_1   net29_1 VSS     net15_1 net29_1 clkb    net32_1 clkn    pd5_1   net37_1 VSS     Null    net37_1 net32_1 VSS     net32_1 QN1     net32_1 VSS     D4      pd1_4   clkn    net15_4 clkb    pd3_4   net29_4 VSS     net15_4 net29_4 clkb    net32_4 clkn    pd5_4   net37_4 VSS     Null    net37_4 net32_4 VSS     net32_4 QN4     net32_4 VSS     
net15_6 clkb    pd3_6   net29_6 VSS     net15_6 net29_6 clkb    net32_6 clkn    pd5_6   net37_6 VSS     Null    net37_6 net32_6 VSS     net32_6 QN6     net32_6 VSS     Null    clkb    clkn    VSS     Null    net15_2 clkn    pd1_2   D2      VSS     D5      pd1_5   clkn    net15_5 clkb    pd3_5   net29_5 VSS     net15_5 net29_5 clkb    net32_5 clkn    pd5_5   net37_5 VSS     net32_5 QN5     net32_5 VSS     net32_5 net37_5 
clkn    CLK     VSS     clkn    clkb    Null    net15_2 clkb    pd3_2   net29_2 VSS     net15_2 net29_2 clkb    net32_2 clkn    pd5_2   net37_2 VSS     Null    net37_2 net32_2 VSS     net32_2 QN2     net32_2 VSS     D7      pd1_7   clkn    net15_7 clkb    pd3_7   net29_7 VSS     net15_7 net29_7 clkb    net32_7 clkn    pd5_7   net37_7 VSS     net32_7 QN7     net32_7 VSS     net32_7 net37_7 Null    Null    Null    Null    
VSS     net32_3 QN3     net32_3 VSS     Null    net37_3 net32_3 VSS     net37_3 pd5_3   clkn    net32_3 clkb    net29_3 net15_3 VSS     net29_3 pd3_3   clkb    net15_3 clkn    pd1_3   D3      VSS     D8      pd1_8   clkn    net15_8 clkb    pd3_8   net29_8 VSS     net15_8 net29_8 clkb    net32_8 clkn    pd5_8   net37_8 VSS     Null    net37_8 net32_8 VSS     net32_8 QN8     net32_8 VSS     Null    Null    Null    Null    

net15_6 clkb    pu1_6   D6      VDD     D1      pu1_1   clkb    net15_1 clkn    pd2_1   net29_1 VDD     net15_1 net29_1 clkn    net32_1 clkb    pd4_1   net37_1 VDD     Null    net37_1 net32_1 VDD     net32_1 QN1     net32_1 VDD     D4      pu1_4   clkb    net15_4 clkn    pd2_4   net29_4 VDD     net15_4 net29_4 clkn    net32_4 clkb    pd4_4   net37_4 VDD     Null    net37_4 net32_4 VDD     net32_4 QN4     net32_4 VDD     
net15_6 clkn    pd2_6   net29_6 VDD     net15_6 net29_6 clkn    net32_6 clkb    pd4_6   net37_6 VDD     Null    net37_6 net32_6 VDD     net32_6 QN6     net32_6 VDD     Null    clkb    clkn    VDD     Null    net15_2 clkb    pu1_2   D2      VDD     D5      pu1_5   clkb    net15_5 clkn    pd2_5   net29_5 VDD     net15_5 net29_5 clkn    net32_5 clkb    pd4_5   net37_5 VDD     net32_5 QN5     net32_5 VDD     net32_5 net37_5 
clkn    CLK     VDD     clkn    clkb    Null    net15_2 clkn    pd2_2   net29_2 VDD     net15_2 net29_2 clkn    net32_2 clkb    pd4_2   net37_2 VDD     Null    net37_2 net32_2 VDD     net32_2 QN2     net32_2 VDD     D7      pu1_7   clkb    net15_7 clkn    pd2_7   net29_7 VDD     net15_7 net29_7 clkn    net32_7 clkb    pd4_7   net37_7 VDD     net32_7 QN7     net32_7 VDD     net32_7 net37_7 Null    Null    Null    Null    
VDD     net32_3 QN3     net32_3 VDD     Null    net37_3 net32_3 VDD     net37_3 pd4_3   clkb    net32_3 clkn    net29_3 net15_3 VDD     net29_3 pd2_3   clkn    net15_3 clkb    pu1_3   D3      VDD     D8      pu1_8   clkb    net15_8 clkn    pd2_8   net29_8 VDD     net15_8 net29_8 clkn    net32_8 clkb    pd4_8   net37_8 VDD     Null    net37_8 net32_8 VDD     net32_8 QN8     net32_8 VDD     Null    Null    Null    Null    

[epoch 10]
[final result] cost: 2988
area: 104
hpml: 286
#inter-row signals: 4
total density: 4287
cost: 2988
hello print_shape
MM4_6   MM5_6   MM5_1   MM4_1   MM9_1   MM8_1   MM6_1   MM12_1  MM17_1  MM16_1          MM14_1  MM24_1  MM24_1  MM5_4   MM4_4   MM9_4   MM8_4   MM6_4   MM12_4  MM17_4  MM16_4          MM14_4  MM24_4  MM24_4  
MM9_6   MM8_6   MM6_6   MM12_6  MM17_6  MM16_6          MM14_6  MM24_6  MM24_6          MM23_5          MM4_2   MM5_2   MM5_5   MM4_5   MM9_5   MM8_5   MM6_5   MM12_5  MM17_5  MM16_5  MM24_5  MM24_5  MM14_5  
MM20_1  MM23_1          MM9_2   MM8_2   MM6_2   MM12_2  MM17_2  MM16_2          MM14_2  MM24_2  MM24_2  MM5_7   MM4_7   MM9_7   MM8_7   MM6_7   MM12_7  MM17_7  MM16_7          MM14_7  MM24_7  MM24_7          
MM24_3  MM24_3          MM14_3  MM16_3  MM17_3  MM12_3  MM6_3   MM8_3   MM9_3   MM4_3   MM5_3   MM5_8   MM4_8   MM9_8   MM8_8   MM6_8   MM12_8  MM17_8  MM16_8          MM14_8  MM24_8  MM24_8                  
--
MM1_6   MM3_6   MM3_1   MM1_1   MM10_1  MM11_1  MM7_1   MM13_1  MM18_1  MM19_1          MM15_1  MM25_1  MM25_1  MM3_4   MM1_4   MM10_4  MM11_4  MM7_4   MM13_4  MM18_4  MM19_4          MM15_4  MM25_4  MM25_4  
MM10_6  MM11_6  MM7_6   MM13_6  MM18_6  MM19_6          MM15_6  MM25_6  MM25_6          MM22_5          MM1_2   MM3_2   MM3_5   MM1_5   MM10_5  MM11_5  MM7_5   MM13_5  MM18_5  MM19_5  MM25_5  MM25_5  MM15_5  
MM21_1  MM22_1          MM10_2  MM11_2  MM7_2   MM13_2  MM18_2  MM19_2          MM15_2  MM25_2  MM25_2  MM3_7   MM1_7   MM10_7  MM11_7  MM7_7   MM13_7  MM18_7  MM19_7          MM15_7  MM25_7  MM25_7          
MM25_3  MM25_3          MM15_3  MM19_3  MM18_3  MM13_3  MM7_3   MM11_3  MM10_3  MM1_3   MM3_3   MM3_8   MM1_8   MM10_8  MM11_8  MM7_8   MM13_8  MM18_8  MM19_8          MM15_8  MM25_8  MM25_8                  
net15_6 clkn    pd1_6   pd1_6   D6      VSS     VSS     D1      pd1_1   pd1_1   clkn    net15_1 net15_1 clkb    pd3_1   pd3_1   net29_1 VSS     VSS     net15_1 net29_1 net29_1 clkb    net32_1 net32_1 clkn    pd5_1   pd5_1   net37_1 VSS     ------------------------net37_1 net32_1 VSS     VSS     net32_1 QN1     QN1     net32_1 VSS     VSS     D4      pd1_4   pd1_4   clkn    net15_4 net15_4 clkb    pd3_4   pd3_4   net29_4 VSS     VSS     net15_4 net29_4 net29_4 clkb    net32_4 net32_4 clkn    pd5_4   pd5_4   net37_4 VSS     ------------------------net37_4 net32_4 VSS     VSS     net32_4 QN4     QN4     net32_4 VSS     
net15_6 clkb    pd3_6   pd3_6   net29_6 VSS     VSS     net15_6 net29_6 net29_6 clkb    net32_6 net32_6 clkn    pd5_6   pd5_6   net37_6 VSS     ------------------------net37_6 net32_6 VSS     VSS     net32_6 QN6     QN6     net32_6 VSS     ------------------------clkb    clkn    VSS     ------------------------net15_2 clkn    pd1_2   pd1_2   D2      VSS     VSS     D5      pd1_5   pd1_5   clkn    net15_5 net15_5 clkb    pd3_5   pd3_5   net29_5 VSS     VSS     net15_5 net29_5 net29_5 clkb    net32_5 net32_5 clkn    pd5_5   pd5_5   net37_5 VSS     VSS     net32_5 QN5     QN5     net32_5 VSS     VSS     net32_5 net37_5 
clkn    CLK     VSS     VSS     clkn    clkb    ------------------------net15_2 clkb    pd3_2   pd3_2   net29_2 VSS     VSS     net15_2 net29_2 net29_2 clkb    net32_2 net32_2 clkn    pd5_2   pd5_2   net37_2 VSS     ------------------------net37_2 net32_2 VSS     VSS     net32_2 QN2     QN2     net32_2 VSS     VSS     D7      pd1_7   pd1_7   clkn    net15_7 net15_7 clkb    pd3_7   pd3_7   net29_7 VSS     VSS     net15_7 net29_7 net29_7 clkb    net32_7 net32_7 clkn    pd5_7   pd5_7   net37_7 VSS     ------------------------net37_7 net32_7 VSS     VSS     net32_7 QN7     QN7     net32_7 VSS     ------------------------
VSS     net32_3 QN3     QN3     net32_3 VSS     ------------------------net37_3 net32_3 VSS     VSS     net37_3 pd5_3   pd5_3   clkn    net32_3 net32_3 clkb    net29_3 net29_3 net15_3 VSS     VSS     net29_3 pd3_3   pd3_3   clkb    net15_3 net15_3 clkn    pd1_3   pd1_3   D3      VSS     VSS     D8      pd1_8   pd1_8   clkn    net15_8 net15_8 clkb    pd3_8   pd3_8   net29_8 VSS     VSS     net15_8 net29_8 net29_8 clkb    net32_8 net32_8 clkn    pd5_8   pd5_8   net37_8 VSS     ------------------------net37_8 net32_8 VSS     VSS     net32_8 QN8     QN8     net32_8 VSS     ------------------------------------------------
--
net15_6 clkb    pu1_6   pu1_6   D6      VDD     VDD     D1      pu1_1   pu1_1   clkb    net15_1 net15_1 clkn    pd2_1   pd2_1   net29_1 VDD     VDD     net15_1 net29_1 net29_1 clkn    net32_1 net32_1 clkb    pd4_1   pd4_1   net37_1 VDD     ------------------------net37_1 net32_1 VDD     VDD     net32_1 QN1     QN1     net32_1 VDD     VDD     D4      pu1_4   pu1_4   clkb    net15_4 net15_4 clkn    pd2_4   pd2_4   net29_4 VDD     VDD     net15_4 net29_4 net29_4 clkn    net32_4 net32_4 clkb    pd4_4   pd4_4   net37_4 VDD     ------------------------net37_4 net32_4 VDD     VDD     net32_4 QN4     QN4     net32_4 VDD     
net15_6 clkn    pd2_6   pd2_6   net29_6 VDD     VDD     net15_6 net29_6 net29_6 clkn    net32_6 net32_6 clkb    pd4_6   pd4_6   net37_6 VDD     ------------------------net37_6 net32_6 VDD     VDD     net32_6 QN6     QN6     net32_6 VDD     ------------------------clkb    clkn    VDD     ------------------------net15_2 clkb    pu1_2   pu1_2   D2      VDD     VDD     D5      pu1_5   pu1_5   clkb    net15_5 net15_5 clkn    pd2_5   pd2_5   net29_5 VDD     VDD     net15_5 net29_5 net29_5 clkn    net32_5 net32_5 clkb    pd4_5   pd4_5   net37_5 VDD     VDD     net32_5 QN5     QN5     net32_5 VDD     VDD     net32_5 net37_5 
clkn    CLK     VDD     VDD     clkn    clkb    ------------------------net15_2 clkn    pd2_2   pd2_2   net29_2 VDD     VDD     net15_2 net29_2 net29_2 clkn    net32_2 net32_2 clkb    pd4_2   pd4_2   net37_2 VDD     ------------------------net37_2 net32_2 VDD     VDD     net32_2 QN2     QN2     net32_2 VDD     VDD     D7      pu1_7   pu1_7   clkb    net15_7 net15_7 clkn    pd2_7   pd2_7   net29_7 VDD     VDD     net15_7 net29_7 net29_7 clkn    net32_7 net32_7 clkb    pd4_7   pd4_7   net37_7 VDD     ------------------------net37_7 net32_7 VDD     VDD     net32_7 QN7     QN7     net32_7 VDD     ------------------------
VDD     net32_3 QN3     QN3     net32_3 VDD     ------------------------net37_3 net32_3 VDD     VDD     net37_3 pd4_3   pd4_3   clkb    net32_3 net32_3 clkn    net29_3 net29_3 net15_3 VDD     VDD     net29_3 pd2_3   pd2_3   clkn    net15_3 net15_3 clkb    pu1_3   pu1_3   D3      VDD     VDD     D8      pu1_8   pu1_8   clkb    net15_8 net15_8 clkn    pd2_8   pd2_8   net29_8 VDD     VDD     net15_8 net29_8 net29_8 clkn    net32_8 net32_8 clkb    pd4_8   pd4_8   net37_8 VDD     ------------------------net37_8 net32_8 VDD     VDD     net32_8 QN8     QN8     net32_8 VDD     ------------------------------------------------
net15_6 clkn    pd1_6   D6      VSS     D1      pd1_1   clkn    net15_1 clkb    pd3_1   net29_1 VSS     net15_1 net29_1 clkb    net32_1 clkn    pd5_1   net37_1 VSS     Null    net37_1 net32_1 VSS     net32_1 QN1     net32_1 VSS     D4      pd1_4   clkn    net15_4 clkb    pd3_4   net29_4 VSS     net15_4 net29_4 clkb    net32_4 clkn    pd5_4   net37_4 VSS     Null    net37_4 net32_4 VSS     net32_4 QN4     net32_4 VSS     
net15_6 clkb    pd3_6   net29_6 VSS     net15_6 net29_6 clkb    net32_6 clkn    pd5_6   net37_6 VSS     Null    net37_6 net32_6 VSS     net32_6 QN6     net32_6 VSS     Null    clkb    clkn    VSS     Null    net15_2 clkn    pd1_2   D2      VSS     D5      pd1_5   clkn    net15_5 clkb    pd3_5   net29_5 VSS     net15_5 net29_5 clkb    net32_5 clkn    pd5_5   net37_5 VSS     net32_5 QN5     net32_5 VSS     net32_5 net37_5 
clkn    CLK     VSS     clkn    clkb    Null    net15_2 clkb    pd3_2   net29_2 VSS     net15_2 net29_2 clkb    net32_2 clkn    pd5_2   net37_2 VSS     Null    net37_2 net32_2 VSS     net32_2 QN2     net32_2 VSS     D7      pd1_7   clkn    net15_7 clkb    pd3_7   net29_7 VSS     net15_7 net29_7 clkb    net32_7 clkn    pd5_7   net37_7 VSS     Null    net37_7 net32_7 VSS     net32_7 QN7     net32_7 VSS     Null    Null    
VSS     net32_3 QN3     net32_3 VSS     Null    net37_3 net32_3 VSS     net37_3 pd5_3   clkn    net32_3 clkb    net29_3 net15_3 VSS     net29_3 pd3_3   clkb    net15_3 clkn    pd1_3   D3      VSS     D8      pd1_8   clkn    net15_8 clkb    pd3_8   net29_8 VSS     net15_8 net29_8 clkb    net32_8 clkn    pd5_8   net37_8 VSS     Null    net37_8 net32_8 VSS     net32_8 QN8     net32_8 VSS     Null    Null    Null    Null    

net15_6 clkb    pu1_6   D6      VDD     D1      pu1_1   clkb    net15_1 clkn    pd2_1   net29_1 VDD     net15_1 net29_1 clkn    net32_1 clkb    pd4_1   net37_1 VDD     Null    net37_1 net32_1 VDD     net32_1 QN1     net32_1 VDD     D4      pu1_4   clkb    net15_4 clkn    pd2_4   net29_4 VDD     net15_4 net29_4 clkn    net32_4 clkb    pd4_4   net37_4 VDD     Null    net37_4 net32_4 VDD     net32_4 QN4     net32_4 VDD     
net15_6 clkn    pd2_6   net29_6 VDD     net15_6 net29_6 clkn    net32_6 clkb    pd4_6   net37_6 VDD     Null    net37_6 net32_6 VDD     net32_6 QN6     net32_6 VDD     Null    clkb    clkn    VDD     Null    net15_2 clkb    pu1_2   D2      VDD     D5      pu1_5   clkb    net15_5 clkn    pd2_5   net29_5 VDD     net15_5 net29_5 clkn    net32_5 clkb    pd4_5   net37_5 VDD     net32_5 QN5     net32_5 VDD     net32_5 net37_5 
clkn    CLK     VDD     clkn    clkb    Null    net15_2 clkn    pd2_2   net29_2 VDD     net15_2 net29_2 clkn    net32_2 clkb    pd4_2   net37_2 VDD     Null    net37_2 net32_2 VDD     net32_2 QN2     net32_2 VDD     D7      pu1_7   clkb    net15_7 clkn    pd2_7   net29_7 VDD     net15_7 net29_7 clkn    net32_7 clkb    pd4_7   net37_7 VDD     Null    net37_7 net32_7 VDD     net32_7 QN7     net32_7 VDD     Null    Null    
VDD     net32_3 QN3     net32_3 VDD     Null    net37_3 net32_3 VDD     net37_3 pd4_3   clkb    net32_3 clkn    net29_3 net15_3 VDD     net29_3 pd2_3   clkn    net15_3 clkb    pu1_3   D3      VDD     D8      pu1_8   clkb    net15_8 clkn    pd2_8   net29_8 VDD     net15_8 net29_8 clkn    net32_8 clkb    pd4_8   net37_8 VDD     Null    net37_8 net32_8 VDD     net32_8 QN8     net32_8 VDD     Null    Null    Null    Null    

[epoch 11]
[final result] cost: 2986
area: 104
hpml: 283
#inter-row signals: 4
total density: 4333
cost: 2986
hello print_shape
MM4_6   MM5_6   MM5_1   MM4_1   MM9_1   MM8_1   MM6_1   MM12_1  MM17_1  MM16_1          MM14_1  MM24_1  MM24_1  MM5_4   MM4_4   MM9_4   MM8_4   MM6_4   MM12_4  MM17_4  MM16_4          MM14_4  MM24_4  MM24_4  
MM9_6   MM8_6   MM6_6   MM12_6  MM17_6  MM16_6          MM14_6  MM24_6  MM24_6          MM23_5          MM4_2   MM5_2   MM5_5   MM4_5   MM9_5   MM8_5   MM6_5   MM12_5  MM17_5  MM16_5  MM24_5  MM24_5  MM14_5  
MM23_1          MM20_1          MM9_2   MM8_2   MM6_2   MM12_2  MM17_2  MM16_2          MM14_2  MM24_2  MM24_2  MM5_7   MM4_7   MM9_7   MM8_7   MM6_7   MM12_7  MM17_7  MM16_7          MM14_7  MM24_7  MM24_7  
MM24_3  MM24_3          MM14_3  MM16_3  MM17_3  MM12_3  MM6_3   MM8_3   MM9_3   MM4_3   MM5_3   MM5_8   MM4_8   MM9_8   MM8_8   MM6_8   MM12_8  MM17_8  MM16_8          MM14_8  MM24_8  MM24_8                  
--
MM1_6   MM3_6   MM3_1   MM1_1   MM10_1  MM11_1  MM7_1   MM13_1  MM18_1  MM19_1          MM15_1  MM25_1  MM25_1  MM3_4   MM1_4   MM10_4  MM11_4  MM7_4   MM13_4  MM18_4  MM19_4          MM15_4  MM25_4  MM25_4  
MM10_6  MM11_6  MM7_6   MM13_6  MM18_6  MM19_6          MM15_6  MM25_6  MM25_6          MM22_5          MM1_2   MM3_2   MM3_5   MM1_5   MM10_5  MM11_5  MM7_5   MM13_5  MM18_5  MM19_5  MM25_5  MM25_5  MM15_5  
MM22_1          MM21_1          MM10_2  MM11_2  MM7_2   MM13_2  MM18_2  MM19_2          MM15_2  MM25_2  MM25_2  MM3_7   MM1_7   MM10_7  MM11_7  MM7_7   MM13_7  MM18_7  MM19_7          MM15_7  MM25_7  MM25_7  
MM25_3  MM25_3          MM15_3  MM19_3  MM18_3  MM13_3  MM7_3   MM11_3  MM10_3  MM1_3   MM3_3   MM3_8   MM1_8   MM10_8  MM11_8  MM7_8   MM13_8  MM18_8  MM19_8          MM15_8  MM25_8  MM25_8                  
net15_6 clkn    pd1_6   pd1_6   D6      VSS     VSS     D1      pd1_1   pd1_1   clkn    net15_1 net15_1 clkb    pd3_1   pd3_1   net29_1 VSS     VSS     net15_1 net29_1 net29_1 clkb    net32_1 net32_1 clkn    pd5_1   pd5_1   net37_1 VSS     ------------------------net37_1 net32_1 VSS     VSS     net32_1 QN1     QN1     net32_1 VSS     VSS     D4      pd1_4   pd1_4   clkn    net15_4 net15_4 clkb    pd3_4   pd3_4   net29_4 VSS     VSS     net15_4 net29_4 net29_4 clkb    net32_4 net32_4 clkn    pd5_4   pd5_4   net37_4 VSS     ------------------------net37_4 net32_4 VSS     VSS     net32_4 QN4     QN4     net32_4 VSS     
net15_6 clkb    pd3_6   pd3_6   net29_6 VSS     VSS     net15_6 net29_6 net29_6 clkb    net32_6 net32_6 clkn    pd5_6   pd5_6   net37_6 VSS     ------------------------net37_6 net32_6 VSS     VSS     net32_6 QN6     QN6     net32_6 VSS     ------------------------clkb    clkn    VSS     ------------------------net15_2 clkn    pd1_2   pd1_2   D2      VSS     VSS     D5      pd1_5   pd1_5   clkn    net15_5 net15_5 clkb    pd3_5   pd3_5   net29_5 VSS     VSS     net15_5 net29_5 net29_5 clkb    net32_5 net32_5 clkn    pd5_5   pd5_5   net37_5 VSS     VSS     net32_5 QN5     QN5     net32_5 VSS     VSS     net32_5 net37_5 
VSS     clkn    clkb    ------------------------clkn    CLK     VSS     ------------------------net15_2 clkb    pd3_2   pd3_2   net29_2 VSS     VSS     net15_2 net29_2 net29_2 clkb    net32_2 net32_2 clkn    pd5_2   pd5_2   net37_2 VSS     ------------------------net37_2 net32_2 VSS     VSS     net32_2 QN2     QN2     net32_2 VSS     VSS     D7      pd1_7   pd1_7   clkn    net15_7 net15_7 clkb    pd3_7   pd3_7   net29_7 VSS     VSS     net15_7 net29_7 net29_7 clkb    net32_7 net32_7 clkn    pd5_7   pd5_7   net37_7 VSS     ------------------------net37_7 net32_7 VSS     VSS     net32_7 QN7     QN7     net32_7 VSS     
VSS     net32_3 QN3     QN3     net32_3 VSS     ------------------------net37_3 net32_3 VSS     VSS     net37_3 pd5_3   pd5_3   clkn    net32_3 net32_3 clkb    net29_3 net29_3 net15_3 VSS     VSS     net29_3 pd3_3   pd3_3   clkb    net15_3 net15_3 clkn    pd1_3   pd1_3   D3      VSS     VSS     D8      pd1_8   pd1_8   clkn    net15_8 net15_8 clkb    pd3_8   pd3_8   net29_8 VSS     VSS     net15_8 net29_8 net29_8 clkb    net32_8 net32_8 clkn    pd5_8   pd5_8   net37_8 VSS     ------------------------net37_8 net32_8 VSS     VSS     net32_8 QN8     QN8     net32_8 VSS     ------------------------------------------------
--
net15_6 clkb    pu1_6   pu1_6   D6      VDD     VDD     D1      pu1_1   pu1_1   clkb    net15_1 net15_1 clkn    pd2_1   pd2_1   net29_1 VDD     VDD     net15_1 net29_1 net29_1 clkn    net32_1 net32_1 clkb    pd4_1   pd4_1   net37_1 VDD     ------------------------net37_1 net32_1 VDD     VDD     net32_1 QN1     QN1     net32_1 VDD     VDD     D4      pu1_4   pu1_4   clkb    net15_4 net15_4 clkn    pd2_4   pd2_4   net29_4 VDD     VDD     net15_4 net29_4 net29_4 clkn    net32_4 net32_4 clkb    pd4_4   pd4_4   net37_4 VDD     ------------------------net37_4 net32_4 VDD     VDD     net32_4 QN4     QN4     net32_4 VDD     
net15_6 clkn    pd2_6   pd2_6   net29_6 VDD     VDD     net15_6 net29_6 net29_6 clkn    net32_6 net32_6 clkb    pd4_6   pd4_6   net37_6 VDD     ------------------------net37_6 net32_6 VDD     VDD     net32_6 QN6     QN6     net32_6 VDD     ------------------------clkb    clkn    VDD     ------------------------net15_2 clkb    pu1_2   pu1_2   D2      VDD     VDD     D5      pu1_5   pu1_5   clkb    net15_5 net15_5 clkn    pd2_5   pd2_5   net29_5 VDD     VDD     net15_5 net29_5 net29_5 clkn    net32_5 net32_5 clkb    pd4_5   pd4_5   net37_5 VDD     VDD     net32_5 QN5     QN5     net32_5 VDD     VDD     net32_5 net37_5 
VDD     clkn    clkb    ------------------------clkn    CLK     VDD     ------------------------net15_2 clkn    pd2_2   pd2_2   net29_2 VDD     VDD     net15_2 net29_2 net29_2 clkn    net32_2 net32_2 clkb    pd4_2   pd4_2   net37_2 VDD     ------------------------net37_2 net32_2 VDD     VDD     net32_2 QN2     QN2     net32_2 VDD     VDD     D7      pu1_7   pu1_7   clkb    net15_7 net15_7 clkn    pd2_7   pd2_7   net29_7 VDD     VDD     net15_7 net29_7 net29_7 clkn    net32_7 net32_7 clkb    pd4_7   pd4_7   net37_7 VDD     ------------------------net37_7 net32_7 VDD     VDD     net32_7 QN7     QN7     net32_7 VDD     
VDD     net32_3 QN3     QN3     net32_3 VDD     ------------------------net37_3 net32_3 VDD     VDD     net37_3 pd4_3   pd4_3   clkb    net32_3 net32_3 clkn    net29_3 net29_3 net15_3 VDD     VDD     net29_3 pd2_3   pd2_3   clkn    net15_3 net15_3 clkb    pu1_3   pu1_3   D3      VDD     VDD     D8      pu1_8   pu1_8   clkb    net15_8 net15_8 clkn    pd2_8   pd2_8   net29_8 VDD     VDD     net15_8 net29_8 net29_8 clkn    net32_8 net32_8 clkb    pd4_8   pd4_8   net37_8 VDD     ------------------------net37_8 net32_8 VDD     VDD     net32_8 QN8     QN8     net32_8 VDD     ------------------------------------------------
net15_6 clkn    pd1_6   D6      VSS     D1      pd1_1   clkn    net15_1 clkb    pd3_1   net29_1 VSS     net15_1 net29_1 clkb    net32_1 clkn    pd5_1   net37_1 VSS     Null    net37_1 net32_1 VSS     net32_1 QN1     net32_1 VSS     D4      pd1_4   clkn    net15_4 clkb    pd3_4   net29_4 VSS     net15_4 net29_4 clkb    net32_4 clkn    pd5_4   net37_4 VSS     Null    net37_4 net32_4 VSS     net32_4 QN4     net32_4 VSS     
net15_6 clkb    pd3_6   net29_6 VSS     net15_6 net29_6 clkb    net32_6 clkn    pd5_6   net37_6 VSS     Null    net37_6 net32_6 VSS     net32_6 QN6     net32_6 VSS     Null    clkb    clkn    VSS     Null    net15_2 clkn    pd1_2   D2      VSS     D5      pd1_5   clkn    net15_5 clkb    pd3_5   net29_5 VSS     net15_5 net29_5 clkb    net32_5 clkn    pd5_5   net37_5 VSS     net32_5 QN5     net32_5 VSS     net32_5 net37_5 
VSS     clkn    clkb    Null    clkn    CLK     VSS     Null    net15_2 clkb    pd3_2   net29_2 VSS     net15_2 net29_2 clkb    net32_2 clkn    pd5_2   net37_2 VSS     Null    net37_2 net32_2 VSS     net32_2 QN2     net32_2 VSS     D7      pd1_7   clkn    net15_7 clkb    pd3_7   net29_7 VSS     net15_7 net29_7 clkb    net32_7 clkn    pd5_7   net37_7 VSS     Null    net37_7 net32_7 VSS     net32_7 QN7     net32_7 VSS     
VSS     net32_3 QN3     net32_3 VSS     Null    net37_3 net32_3 VSS     net37_3 pd5_3   clkn    net32_3 clkb    net29_3 net15_3 VSS     net29_3 pd3_3   clkb    net15_3 clkn    pd1_3   D3      VSS     D8      pd1_8   clkn    net15_8 clkb    pd3_8   net29_8 VSS     net15_8 net29_8 clkb    net32_8 clkn    pd5_8   net37_8 VSS     Null    net37_8 net32_8 VSS     net32_8 QN8     net32_8 VSS     Null    Null    Null    Null    

net15_6 clkb    pu1_6   D6      VDD     D1      pu1_1   clkb    net15_1 clkn    pd2_1   net29_1 VDD     net15_1 net29_1 clkn    net32_1 clkb    pd4_1   net37_1 VDD     Null    net37_1 net32_1 VDD     net32_1 QN1     net32_1 VDD     D4      pu1_4   clkb    net15_4 clkn    pd2_4   net29_4 VDD     net15_4 net29_4 clkn    net32_4 clkb    pd4_4   net37_4 VDD     Null    net37_4 net32_4 VDD     net32_4 QN4     net32_4 VDD     
net15_6 clkn    pd2_6   net29_6 VDD     net15_6 net29_6 clkn    net32_6 clkb    pd4_6   net37_6 VDD     Null    net37_6 net32_6 VDD     net32_6 QN6     net32_6 VDD     Null    clkb    clkn    VDD     Null    net15_2 clkb    pu1_2   D2      VDD     D5      pu1_5   clkb    net15_5 clkn    pd2_5   net29_5 VDD     net15_5 net29_5 clkn    net32_5 clkb    pd4_5   net37_5 VDD     net32_5 QN5     net32_5 VDD     net32_5 net37_5 
VDD     clkn    clkb    Null    clkn    CLK     VDD     Null    net15_2 clkn    pd2_2   net29_2 VDD     net15_2 net29_2 clkn    net32_2 clkb    pd4_2   net37_2 VDD     Null    net37_2 net32_2 VDD     net32_2 QN2     net32_2 VDD     D7      pu1_7   clkb    net15_7 clkn    pd2_7   net29_7 VDD     net15_7 net29_7 clkn    net32_7 clkb    pd4_7   net37_7 VDD     Null    net37_7 net32_7 VDD     net32_7 QN7     net32_7 VDD     
VDD     net32_3 QN3     net32_3 VDD     Null    net37_3 net32_3 VDD     net37_3 pd4_3   clkb    net32_3 clkn    net29_3 net15_3 VDD     net29_3 pd2_3   clkn    net15_3 clkb    pu1_3   D3      VDD     D8      pu1_8   clkb    net15_8 clkn    pd2_8   net29_8 VDD     net15_8 net29_8 clkn    net32_8 clkb    pd4_8   net37_8 VDD     Null    net37_8 net32_8 VDD     net32_8 QN8     net32_8 VDD     Null    Null    Null    Null    

[epoch 12]
[final result] cost: 2978
area: 104
hpml: 275
#inter-row signals: 4
total density: 4333
cost: 2978
hello print_shape
MM4_6   MM5_6   MM5_1   MM4_1   MM9_1   MM8_1   MM6_1   MM12_1  MM17_1  MM16_1          MM14_1  MM24_1  MM24_1  MM5_4   MM4_4   MM9_4   MM8_4   MM6_4   MM12_4  MM17_4  MM16_4          MM14_4  MM24_4  MM24_4  
MM9_6   MM8_6   MM6_6   MM12_6  MM17_6  MM16_6          MM14_6  MM24_6  MM24_6          MM4_2   MM5_2   MM5_5   MM4_5   MM9_5   MM8_5   MM6_5   MM12_5  MM17_5  MM16_5  MM24_5  MM24_5  MM14_5                  
MM23_1          MM20_1          MM9_2   MM8_2   MM6_2   MM12_2  MM17_2  MM16_2          MM14_2  MM24_2  MM24_2  MM5_7   MM4_7   MM9_7   MM8_7   MM6_7   MM12_7  MM17_7  MM16_7          MM14_7  MM24_7  MM24_7  
MM24_3  MM24_3          MM14_3  MM16_3  MM17_3  MM12_3  MM6_3   MM8_3   MM9_3   MM4_3   MM5_3           MM23_5  MM5_8   MM4_8   MM9_8   MM8_8   MM6_8   MM12_8  MM17_8  MM16_8          MM14_8  MM24_8  MM24_8  
--
MM1_6   MM3_6   MM3_1   MM1_1   MM10_1  MM11_1  MM7_1   MM13_1  MM18_1  MM19_1          MM15_1  MM25_1  MM25_1  MM3_4   MM1_4   MM10_4  MM11_4  MM7_4   MM13_4  MM18_4  MM19_4          MM15_4  MM25_4  MM25_4  
MM10_6  MM11_6  MM7_6   MM13_6  MM18_6  MM19_6          MM15_6  MM25_6  MM25_6          MM1_2   MM3_2   MM3_5   MM1_5   MM10_5  MM11_5  MM7_5   MM13_5  MM18_5  MM19_5  MM25_5  MM25_5  MM15_5                  
MM22_1          MM21_1          MM10_2  MM11_2  MM7_2   MM13_2  MM18_2  MM19_2          MM15_2  MM25_2  MM25_2  MM3_7   MM1_7   MM10_7  MM11_7  MM7_7   MM13_7  MM18_7  MM19_7          MM15_7  MM25_7  MM25_7  
MM25_3  MM25_3          MM15_3  MM19_3  MM18_3  MM13_3  MM7_3   MM11_3  MM10_3  MM1_3   MM3_3           MM22_5  MM3_8   MM1_8   MM10_8  MM11_8  MM7_8   MM13_8  MM18_8  MM19_8          MM15_8  MM25_8  MM25_8  
net15_6 clkn    pd1_6   pd1_6   D6      VSS     VSS     D1      pd1_1   pd1_1   clkn    net15_1 net15_1 clkb    pd3_1   pd3_1   net29_1 VSS     VSS     net15_1 net29_1 net29_1 clkb    net32_1 net32_1 clkn    pd5_1   pd5_1   net37_1 VSS     ------------------------net37_1 net32_1 VSS     VSS     net32_1 QN1     QN1     net32_1 VSS     VSS     D4      pd1_4   pd1_4   clkn    net15_4 net15_4 clkb    pd3_4   pd3_4   net29_4 VSS     VSS     net15_4 net29_4 net29_4 clkb    net32_4 net32_4 clkn    pd5_4   pd5_4   net37_4 VSS     ------------------------net37_4 net32_4 VSS     VSS     net32_4 QN4     QN4     net32_4 VSS     
net15_6 clkb    pd3_6   pd3_6   net29_6 VSS     VSS     net15_6 net29_6 net29_6 clkb    net32_6 net32_6 clkn    pd5_6   pd5_6   net37_6 VSS     ------------------------net37_6 net32_6 VSS     VSS     net32_6 QN6     QN6     net32_6 VSS     ------------------------net15_2 clkn    pd1_2   pd1_2   D2      VSS     VSS     D5      pd1_5   pd1_5   clkn    net15_5 net15_5 clkb    pd3_5   pd3_5   net29_5 VSS     VSS     net15_5 net29_5 net29_5 clkb    net32_5 net32_5 clkn    pd5_5   pd5_5   net37_5 VSS     VSS     net32_5 QN5     QN5     net32_5 VSS     VSS     net32_5 net37_5 ------------------------------------------------
VSS     clkn    clkb    ------------------------clkn    CLK     VSS     ------------------------net15_2 clkb    pd3_2   pd3_2   net29_2 VSS     VSS     net15_2 net29_2 net29_2 clkb    net32_2 net32_2 clkn    pd5_2   pd5_2   net37_2 VSS     ------------------------net37_2 net32_2 VSS     VSS     net32_2 QN2     QN2     net32_2 VSS     VSS     D7      pd1_7   pd1_7   clkn    net15_7 net15_7 clkb    pd3_7   pd3_7   net29_7 VSS     VSS     net15_7 net29_7 net29_7 clkb    net32_7 net32_7 clkn    pd5_7   pd5_7   net37_7 VSS     ------------------------net37_7 net32_7 VSS     VSS     net32_7 QN7     QN7     net32_7 VSS     
VSS     net32_3 QN3     QN3     net32_3 VSS     ------------------------net37_3 net32_3 VSS     VSS     net37_3 pd5_3   pd5_3   clkn    net32_3 net32_3 clkb    net29_3 net29_3 net15_3 VSS     VSS     net29_3 pd3_3   pd3_3   clkb    net15_3 net15_3 clkn    pd1_3   pd1_3   D3      VSS     ------------------------clkb    clkn    VSS     VSS     D8      pd1_8   pd1_8   clkn    net15_8 net15_8 clkb    pd3_8   pd3_8   net29_8 VSS     VSS     net15_8 net29_8 net29_8 clkb    net32_8 net32_8 clkn    pd5_8   pd5_8   net37_8 VSS     ------------------------net37_8 net32_8 VSS     VSS     net32_8 QN8     QN8     net32_8 VSS     
--
net15_6 clkb    pu1_6   pu1_6   D6      VDD     VDD     D1      pu1_1   pu1_1   clkb    net15_1 net15_1 clkn    pd2_1   pd2_1   net29_1 VDD     VDD     net15_1 net29_1 net29_1 clkn    net32_1 net32_1 clkb    pd4_1   pd4_1   net37_1 VDD     ------------------------net37_1 net32_1 VDD     VDD     net32_1 QN1     QN1     net32_1 VDD     VDD     D4      pu1_4   pu1_4   clkb    net15_4 net15_4 clkn    pd2_4   pd2_4   net29_4 VDD     VDD     net15_4 net29_4 net29_4 clkn    net32_4 net32_4 clkb    pd4_4   pd4_4   net37_4 VDD     ------------------------net37_4 net32_4 VDD     VDD     net32_4 QN4     QN4     net32_4 VDD     
net15_6 clkn    pd2_6   pd2_6   net29_6 VDD     VDD     net15_6 net29_6 net29_6 clkn    net32_6 net32_6 clkb    pd4_6   pd4_6   net37_6 VDD     ------------------------net37_6 net32_6 VDD     VDD     net32_6 QN6     QN6     net32_6 VDD     ------------------------net15_2 clkb    pu1_2   pu1_2   D2      VDD     VDD     D5      pu1_5   pu1_5   clkb    net15_5 net15_5 clkn    pd2_5   pd2_5   net29_5 VDD     VDD     net15_5 net29_5 net29_5 clkn    net32_5 net32_5 clkb    pd4_5   pd4_5   net37_5 VDD     VDD     net32_5 QN5     QN5     net32_5 VDD     VDD     net32_5 net37_5 ------------------------------------------------
VDD     clkn    clkb    ------------------------clkn    CLK     VDD     ------------------------net15_2 clkn    pd2_2   pd2_2   net29_2 VDD     VDD     net15_2 net29_2 net29_2 clkn    net32_2 net32_2 clkb    pd4_2   pd4_2   net37_2 VDD     ------------------------net37_2 net32_2 VDD     VDD     net32_2 QN2     QN2     net32_2 VDD     VDD     D7      pu1_7   pu1_7   clkb    net15_7 net15_7 clkn    pd2_7   pd2_7   net29_7 VDD     VDD     net15_7 net29_7 net29_7 clkn    net32_7 net32_7 clkb    pd4_7   pd4_7   net37_7 VDD     ------------------------net37_7 net32_7 VDD     VDD     net32_7 QN7     QN7     net32_7 VDD     
VDD     net32_3 QN3     QN3     net32_3 VDD     ------------------------net37_3 net32_3 VDD     VDD     net37_3 pd4_3   pd4_3   clkb    net32_3 net32_3 clkn    net29_3 net29_3 net15_3 VDD     VDD     net29_3 pd2_3   pd2_3   clkn    net15_3 net15_3 clkb    pu1_3   pu1_3   D3      VDD     ------------------------clkb    clkn    VDD     VDD     D8      pu1_8   pu1_8   clkb    net15_8 net15_8 clkn    pd2_8   pd2_8   net29_8 VDD     VDD     net15_8 net29_8 net29_8 clkn    net32_8 net32_8 clkb    pd4_8   pd4_8   net37_8 VDD     ------------------------net37_8 net32_8 VDD     VDD     net32_8 QN8     QN8     net32_8 VDD     
net15_6 clkn    pd1_6   D6      VSS     D1      pd1_1   clkn    net15_1 clkb    pd3_1   net29_1 VSS     net15_1 net29_1 clkb    net32_1 clkn    pd5_1   net37_1 VSS     Null    net37_1 net32_1 VSS     net32_1 QN1     net32_1 VSS     D4      pd1_4   clkn    net15_4 clkb    pd3_4   net29_4 VSS     net15_4 net29_4 clkb    net32_4 clkn    pd5_4   net37_4 VSS     Null    net37_4 net32_4 VSS     net32_4 QN4     net32_4 VSS     
net15_6 clkb    pd3_6   net29_6 VSS     net15_6 net29_6 clkb    net32_6 clkn    pd5_6   net37_6 VSS     Null    net37_6 net32_6 VSS     net32_6 QN6     net32_6 VSS     Null    net15_2 clkn    pd1_2   D2      VSS     D5      pd1_5   clkn    net15_5 clkb    pd3_5   net29_5 VSS     net15_5 net29_5 clkb    net32_5 clkn    pd5_5   net37_5 VSS     net32_5 QN5     net32_5 VSS     net32_5 net37_5 Null    Null    Null    Null    
VSS     clkn    clkb    Null    clkn    CLK     VSS     Null    net15_2 clkb    pd3_2   net29_2 VSS     net15_2 net29_2 clkb    net32_2 clkn    pd5_2   net37_2 VSS     Null    net37_2 net32_2 VSS     net32_2 QN2     net32_2 VSS     D7      pd1_7   clkn    net15_7 clkb    pd3_7   net29_7 VSS     net15_7 net29_7 clkb    net32_7 clkn    pd5_7   net37_7 VSS     Null    net37_7 net32_7 VSS     net32_7 QN7     net32_7 VSS     
VSS     net32_3 QN3     net32_3 VSS     Null    net37_3 net32_3 VSS     net37_3 pd5_3   clkn    net32_3 clkb    net29_3 net15_3 VSS     net29_3 pd3_3   clkb    net15_3 clkn    pd1_3   D3      VSS     Null    clkb    clkn    VSS     D8      pd1_8   clkn    net15_8 clkb    pd3_8   net29_8 VSS     net15_8 net29_8 clkb    net32_8 clkn    pd5_8   net37_8 VSS     Null    net37_8 net32_8 VSS     net32_8 QN8     net32_8 VSS     

net15_6 clkb    pu1_6   D6      VDD     D1      pu1_1   clkb    net15_1 clkn    pd2_1   net29_1 VDD     net15_1 net29_1 clkn    net32_1 clkb    pd4_1   net37_1 VDD     Null    net37_1 net32_1 VDD     net32_1 QN1     net32_1 VDD     D4      pu1_4   clkb    net15_4 clkn    pd2_4   net29_4 VDD     net15_4 net29_4 clkn    net32_4 clkb    pd4_4   net37_4 VDD     Null    net37_4 net32_4 VDD     net32_4 QN4     net32_4 VDD     
net15_6 clkn    pd2_6   net29_6 VDD     net15_6 net29_6 clkn    net32_6 clkb    pd4_6   net37_6 VDD     Null    net37_6 net32_6 VDD     net32_6 QN6     net32_6 VDD     Null    net15_2 clkb    pu1_2   D2      VDD     D5      pu1_5   clkb    net15_5 clkn    pd2_5   net29_5 VDD     net15_5 net29_5 clkn    net32_5 clkb    pd4_5   net37_5 VDD     net32_5 QN5     net32_5 VDD     net32_5 net37_5 Null    Null    Null    Null    
VDD     clkn    clkb    Null    clkn    CLK     VDD     Null    net15_2 clkn    pd2_2   net29_2 VDD     net15_2 net29_2 clkn    net32_2 clkb    pd4_2   net37_2 VDD     Null    net37_2 net32_2 VDD     net32_2 QN2     net32_2 VDD     D7      pu1_7   clkb    net15_7 clkn    pd2_7   net29_7 VDD     net15_7 net29_7 clkn    net32_7 clkb    pd4_7   net37_7 VDD     Null    net37_7 net32_7 VDD     net32_7 QN7     net32_7 VDD     
VDD     net32_3 QN3     net32_3 VDD     Null    net37_3 net32_3 VDD     net37_3 pd4_3   clkb    net32_3 clkn    net29_3 net15_3 VDD     net29_3 pd2_3   clkn    net15_3 clkb    pu1_3   D3      VDD     Null    clkb    clkn    VDD     D8      pu1_8   clkb    net15_8 clkn    pd2_8   net29_8 VDD     net15_8 net29_8 clkn    net32_8 clkb    pd4_8   net37_8 VDD     Null    net37_8 net32_8 VDD     net32_8 QN8     net32_8 VDD     

[epoch 13]
[final result] cost: 2976
area: 104
hpml: 273
#inter-row signals: 4
total density: 4345
cost: 2976
hello print_shape
MM4_6   MM5_6   MM5_1   MM4_1   MM9_1   MM8_1   MM6_1   MM12_1  MM17_1  MM16_1          MM14_1  MM24_1  MM24_1  MM5_4   MM4_4   MM9_4   MM8_4   MM6_4   MM12_4  MM17_4  MM16_4          MM14_4  MM24_4  MM24_4  
MM9_6   MM8_6   MM6_6   MM12_6  MM17_6  MM16_6          MM14_6  MM24_6  MM24_6          MM4_2   MM5_2   MM5_5   MM4_5   MM9_5   MM8_5   MM6_5   MM12_5  MM17_5  MM16_5          MM14_5  MM24_5  MM24_5          
MM23_1          MM20_1          MM9_2   MM8_2   MM6_2   MM12_2  MM17_2  MM16_2          MM14_2  MM24_2  MM24_2  MM5_7   MM4_7   MM9_7   MM8_7   MM6_7   MM12_7  MM17_7  MM16_7          MM14_7  MM24_7  MM24_7  
MM24_3  MM24_3          MM14_3  MM16_3  MM17_3  MM12_3  MM6_3   MM8_3   MM9_3   MM4_3   MM5_3           MM23_5  MM5_8   MM4_8   MM9_8   MM8_8   MM6_8   MM12_8  MM17_8  MM16_8          MM14_8  MM24_8  MM24_8  
--
MM1_6   MM3_6   MM3_1   MM1_1   MM10_1  MM11_1  MM7_1   MM13_1  MM18_1  MM19_1          MM15_1  MM25_1  MM25_1  MM3_4   MM1_4   MM10_4  MM11_4  MM7_4   MM13_4  MM18_4  MM19_4          MM15_4  MM25_4  MM25_4  
MM10_6  MM11_6  MM7_6   MM13_6  MM18_6  MM19_6          MM15_6  MM25_6  MM25_6          MM1_2   MM3_2   MM3_5   MM1_5   MM10_5  MM11_5  MM7_5   MM13_5  MM18_5  MM19_5          MM15_5  MM25_5  MM25_5          
MM22_1          MM21_1          MM10_2  MM11_2  MM7_2   MM13_2  MM18_2  MM19_2          MM15_2  MM25_2  MM25_2  MM3_7   MM1_7   MM10_7  MM11_7  MM7_7   MM13_7  MM18_7  MM19_7          MM15_7  MM25_7  MM25_7  
MM25_3  MM25_3          MM15_3  MM19_3  MM18_3  MM13_3  MM7_3   MM11_3  MM10_3  MM1_3   MM3_3           MM22_5  MM3_8   MM1_8   MM10_8  MM11_8  MM7_8   MM13_8  MM18_8  MM19_8          MM15_8  MM25_8  MM25_8  
net15_6 clkn    pd1_6   pd1_6   D6      VSS     VSS     D1      pd1_1   pd1_1   clkn    net15_1 net15_1 clkb    pd3_1   pd3_1   net29_1 VSS     VSS     net15_1 net29_1 net29_1 clkb    net32_1 net32_1 clkn    pd5_1   pd5_1   net37_1 VSS     ------------------------net37_1 net32_1 VSS     VSS     net32_1 QN1     QN1     net32_1 VSS     VSS     D4      pd1_4   pd1_4   clkn    net15_4 net15_4 clkb    pd3_4   pd3_4   net29_4 VSS     VSS     net15_4 net29_4 net29_4 clkb    net32_4 net32_4 clkn    pd5_4   pd5_4   net37_4 VSS     ------------------------net37_4 net32_4 VSS     VSS     net32_4 QN4     QN4     net32_4 VSS     
net15_6 clkb    pd3_6   pd3_6   net29_6 VSS     VSS     net15_6 net29_6 net29_6 clkb    net32_6 net32_6 clkn    pd5_6   pd5_6   net37_6 VSS     ------------------------net37_6 net32_6 VSS     VSS     net32_6 QN6     QN6     net32_6 VSS     ------------------------net15_2 clkn    pd1_2   pd1_2   D2      VSS     VSS     D5      pd1_5   pd1_5   clkn    net15_5 net15_5 clkb    pd3_5   pd3_5   net29_5 VSS     VSS     net15_5 net29_5 net29_5 clkb    net32_5 net32_5 clkn    pd5_5   pd5_5   net37_5 VSS     ------------------------net37_5 net32_5 VSS     VSS     net32_5 QN5     QN5     net32_5 VSS     ------------------------
VSS     clkn    clkb    ------------------------clkn    CLK     VSS     ------------------------net15_2 clkb    pd3_2   pd3_2   net29_2 VSS     VSS     net15_2 net29_2 net29_2 clkb    net32_2 net32_2 clkn    pd5_2   pd5_2   net37_2 VSS     ------------------------net37_2 net32_2 VSS     VSS     net32_2 QN2     QN2     net32_2 VSS     VSS     D7      pd1_7   pd1_7   clkn    net15_7 net15_7 clkb    pd3_7   pd3_7   net29_7 VSS     VSS     net15_7 net29_7 net29_7 clkb    net32_7 net32_7 clkn    pd5_7   pd5_7   net37_7 VSS     ------------------------net37_7 net32_7 VSS     VSS     net32_7 QN7     QN7     net32_7 VSS     
VSS     net32_3 QN3     QN3     net32_3 VSS     ------------------------net37_3 net32_3 VSS     VSS     net37_3 pd5_3   pd5_3   clkn    net32_3 net32_3 clkb    net29_3 net29_3 net15_3 VSS     VSS     net29_3 pd3_3   pd3_3   clkb    net15_3 net15_3 clkn    pd1_3   pd1_3   D3      VSS     ------------------------clkb    clkn    VSS     VSS     D8      pd1_8   pd1_8   clkn    net15_8 net15_8 clkb    pd3_8   pd3_8   net29_8 VSS     VSS     net15_8 net29_8 net29_8 clkb    net32_8 net32_8 clkn    pd5_8   pd5_8   net37_8 VSS     ------------------------net37_8 net32_8 VSS     VSS     net32_8 QN8     QN8     net32_8 VSS     
--
net15_6 clkb    pu1_6   pu1_6   D6      VDD     VDD     D1      pu1_1   pu1_1   clkb    net15_1 net15_1 clkn    pd2_1   pd2_1   net29_1 VDD     VDD     net15_1 net29_1 net29_1 clkn    net32_1 net32_1 clkb    pd4_1   pd4_1   net37_1 VDD     ------------------------net37_1 net32_1 VDD     VDD     net32_1 QN1     QN1     net32_1 VDD     VDD     D4      pu1_4   pu1_4   clkb    net15_4 net15_4 clkn    pd2_4   pd2_4   net29_4 VDD     VDD     net15_4 net29_4 net29_4 clkn    net32_4 net32_4 clkb    pd4_4   pd4_4   net37_4 VDD     ------------------------net37_4 net32_4 VDD     VDD     net32_4 QN4     QN4     net32_4 VDD     
net15_6 clkn    pd2_6   pd2_6   net29_6 VDD     VDD     net15_6 net29_6 net29_6 clkn    net32_6 net32_6 clkb    pd4_6   pd4_6   net37_6 VDD     ------------------------net37_6 net32_6 VDD     VDD     net32_6 QN6     QN6     net32_6 VDD     ------------------------net15_2 clkb    pu1_2   pu1_2   D2      VDD     VDD     D5      pu1_5   pu1_5   clkb    net15_5 net15_5 clkn    pd2_5   pd2_5   net29_5 VDD     VDD     net15_5 net29_5 net29_5 clkn    net32_5 net32_5 clkb    pd4_5   pd4_5   net37_5 VDD     ------------------------net37_5 net32_5 VDD     VDD     net32_5 QN5     QN5     net32_5 VDD     ------------------------
VDD     clkn    clkb    ------------------------clkn    CLK     VDD     ------------------------net15_2 clkn    pd2_2   pd2_2   net29_2 VDD     VDD     net15_2 net29_2 net29_2 clkn    net32_2 net32_2 clkb    pd4_2   pd4_2   net37_2 VDD     ------------------------net37_2 net32_2 VDD     VDD     net32_2 QN2     QN2     net32_2 VDD     VDD     D7      pu1_7   pu1_7   clkb    net15_7 net15_7 clkn    pd2_7   pd2_7   net29_7 VDD     VDD     net15_7 net29_7 net29_7 clkn    net32_7 net32_7 clkb    pd4_7   pd4_7   net37_7 VDD     ------------------------net37_7 net32_7 VDD     VDD     net32_7 QN7     QN7     net32_7 VDD     
VDD     net32_3 QN3     QN3     net32_3 VDD     ------------------------net37_3 net32_3 VDD     VDD     net37_3 pd4_3   pd4_3   clkb    net32_3 net32_3 clkn    net29_3 net29_3 net15_3 VDD     VDD     net29_3 pd2_3   pd2_3   clkn    net15_3 net15_3 clkb    pu1_3   pu1_3   D3      VDD     ------------------------clkb    clkn    VDD     VDD     D8      pu1_8   pu1_8   clkb    net15_8 net15_8 clkn    pd2_8   pd2_8   net29_8 VDD     VDD     net15_8 net29_8 net29_8 clkn    net32_8 net32_8 clkb    pd4_8   pd4_8   net37_8 VDD     ------------------------net37_8 net32_8 VDD     VDD     net32_8 QN8     QN8     net32_8 VDD     
net15_6 clkn    pd1_6   D6      VSS     D1      pd1_1   clkn    net15_1 clkb    pd3_1   net29_1 VSS     net15_1 net29_1 clkb    net32_1 clkn    pd5_1   net37_1 VSS     Null    net37_1 net32_1 VSS     net32_1 QN1     net32_1 VSS     D4      pd1_4   clkn    net15_4 clkb    pd3_4   net29_4 VSS     net15_4 net29_4 clkb    net32_4 clkn    pd5_4   net37_4 VSS     Null    net37_4 net32_4 VSS     net32_4 QN4     net32_4 VSS     
net15_6 clkb    pd3_6   net29_6 VSS     net15_6 net29_6 clkb    net32_6 clkn    pd5_6   net37_6 VSS     Null    net37_6 net32_6 VSS     net32_6 QN6     net32_6 VSS     Null    net15_2 clkn    pd1_2   D2      VSS     D5      pd1_5   clkn    net15_5 clkb    pd3_5   net29_5 VSS     net15_5 net29_5 clkb    net32_5 clkn    pd5_5   net37_5 VSS     Null    net37_5 net32_5 VSS     net32_5 QN5     net32_5 VSS     Null    Null    
VSS     clkn    clkb    Null    clkn    CLK     VSS     Null    net15_2 clkb    pd3_2   net29_2 VSS     net15_2 net29_2 clkb    net32_2 clkn    pd5_2   net37_2 VSS     Null    net37_2 net32_2 VSS     net32_2 QN2     net32_2 VSS     D7      pd1_7   clkn    net15_7 clkb    pd3_7   net29_7 VSS     net15_7 net29_7 clkb    net32_7 clkn    pd5_7   net37_7 VSS     Null    net37_7 net32_7 VSS     net32_7 QN7     net32_7 VSS     
VSS     net32_3 QN3     net32_3 VSS     Null    net37_3 net32_3 VSS     net37_3 pd5_3   clkn    net32_3 clkb    net29_3 net15_3 VSS     net29_3 pd3_3   clkb    net15_3 clkn    pd1_3   D3      VSS     Null    clkb    clkn    VSS     D8      pd1_8   clkn    net15_8 clkb    pd3_8   net29_8 VSS     net15_8 net29_8 clkb    net32_8 clkn    pd5_8   net37_8 VSS     Null    net37_8 net32_8 VSS     net32_8 QN8     net32_8 VSS     

net15_6 clkb    pu1_6   D6      VDD     D1      pu1_1   clkb    net15_1 clkn    pd2_1   net29_1 VDD     net15_1 net29_1 clkn    net32_1 clkb    pd4_1   net37_1 VDD     Null    net37_1 net32_1 VDD     net32_1 QN1     net32_1 VDD     D4      pu1_4   clkb    net15_4 clkn    pd2_4   net29_4 VDD     net15_4 net29_4 clkn    net32_4 clkb    pd4_4   net37_4 VDD     Null    net37_4 net32_4 VDD     net32_4 QN4     net32_4 VDD     
net15_6 clkn    pd2_6   net29_6 VDD     net15_6 net29_6 clkn    net32_6 clkb    pd4_6   net37_6 VDD     Null    net37_6 net32_6 VDD     net32_6 QN6     net32_6 VDD     Null    net15_2 clkb    pu1_2   D2      VDD     D5      pu1_5   clkb    net15_5 clkn    pd2_5   net29_5 VDD     net15_5 net29_5 clkn    net32_5 clkb    pd4_5   net37_5 VDD     Null    net37_5 net32_5 VDD     net32_5 QN5     net32_5 VDD     Null    Null    
VDD     clkn    clkb    Null    clkn    CLK     VDD     Null    net15_2 clkn    pd2_2   net29_2 VDD     net15_2 net29_2 clkn    net32_2 clkb    pd4_2   net37_2 VDD     Null    net37_2 net32_2 VDD     net32_2 QN2     net32_2 VDD     D7      pu1_7   clkb    net15_7 clkn    pd2_7   net29_7 VDD     net15_7 net29_7 clkn    net32_7 clkb    pd4_7   net37_7 VDD     Null    net37_7 net32_7 VDD     net32_7 QN7     net32_7 VDD     
VDD     net32_3 QN3     net32_3 VDD     Null    net37_3 net32_3 VDD     net37_3 pd4_3   clkb    net32_3 clkn    net29_3 net15_3 VDD     net29_3 pd2_3   clkn    net15_3 clkb    pu1_3   D3      VDD     Null    clkb    clkn    VDD     D8      pu1_8   clkb    net15_8 clkn    pd2_8   net29_8 VDD     net15_8 net29_8 clkn    net32_8 clkb    pd4_8   net37_8 VDD     Null    net37_8 net32_8 VDD     net32_8 QN8     net32_8 VDD     

[epoch 14]
hello satisfy_via_rule
13315133133151131331501151115133133151131331501151115
13315113133150115111501331513313315113133150115111500
51101150133151131331501151115133133151131331501151115
51115011513313115133133150115133133151131331501151115
before sat
⚠️ 超時或無法判定（unknown）
[via]
0 1 0 0 0 0 0 1 0 1 0 0 0 0 0 1 0 1 0 0 0 0 0 0 0 0 0 0 0 0 0 1 0 1 0 0 0 0 0 1 0 1 0 1 0 0 1 0 0 0 0 0 0 
1 0 0 0 0 1 0 0 0 0 0 1 0 0 1 0 0 0 0 1 0 0 1 0 0 0 0 0 0 1 0 0 1 0 0 0 0 1 0 0 1 0 0 0 0 0 0 1 0 1 0 1 0 
0 0 0 1 0 0 0 1 0 1 0 0 0 0 0 0 1 0 0 0 0 0 0 1 0 1 0 1 0 0 0 1 0 0 0 0 0 0 0 1 0 0 0 0 0 0 0 0 0 0 1 0 0 
0 1 0 0 0 0 0 0 1 0 0 0 0 1 0 1 0 1 0 0 0 0 0 0 0 0 1 0 0 0 0 0 0 1 0 1 0 0 1 0 0 1 0 0 0 0 0 0 0 0 0 0 0 
0 0 0 0 0 0 0 1 0 1 0 0 0 0 0 0 0 0 0 0 0 0 0 1 0 0 0 0 0 1 0 1 0 0 0 0 0 1 0 1 0 0 0 0 0 0 0 0 0 0 0 0 0 
0 1 0 1 0 0 1 0 1 0 0 0 0 0 0 1 0 1 0 1 0 0 1 0 0 0 0 1 0 0 0 0 0 1 0 0 1 0 1 0 0 0 0 0 0 1 0 1 0 1 0 0 0 
1 0 0 0 0 1 0 0 0 1 0 1 0 0 1 0 0 0 1 0 0 0 0 1 0 0 0 0 0 1 0 1 0 0 0 0 0 0 0 1 0 1 0 0 1 0 0 0 1 0 0 0 0 
0 1 0 0 0 0 0 1 0 0 0 0 0 0 0 0 0 0 0 0 0 0 0 0 0 1 0 0 0 0 1 0 0 0 0 1 0 1 0 0 0 0 0 0 0 0 0 0 0 0 0 0 0 
0 0 1 0 0 0 0 0 0 1 0 0 0 0 0 1 0 1 0 1 0 0 1 0 0 0 0 0 0 1 0 1 0 1 0 0 0 0 0 1 0 1 0 1 0 0 1 0 0 0 0 0 0 
0 0 0 0 0 1 0 0 0 0 0 1 0 0 1 0 1 0 0 0 0 0 0 1 0 1 0 1 0 0 0 0 1 0 0 0 0 1 0 0 1 0 0 0 0 0 0 1 0 1 0 1 0 
0 0 0 0 1 0 0 0 1 0 0 0 0 1 0 0 0 0 0 0 0 0 0 0 0 0 1 0 0 0 0 1 0 0 0 1 0 0 1 0 0 1 0 0 0 0 0 0 0 0 1 0 0 
0 1 0 0 0 0 0 0 0 1 0 0 0 0 0 1 0 1 0 0 0 0 0 0 0 0 0 0 0 0 0 0 0 1 0 0 0 0 0 1 0 0 0 0 0 0 0 0 0 0 0 0 0 
0 0 0 0 0 0 0 0 0 0 0 1 0 1 0 0 0 0 0 1 0 1 0 1 0 0 0 0 0 0 0 1 0 0 0 1 0 0 1 0 0 1 0 1 0 0 1 0 0 0 0 0 0 
0 1 0 1 0 0 0 1 0 0 0 0 1 0 0 1 0 0 0 0 1 0 0 0 0 0 1 0 0 0 0 0 0 1 0 0 0 0 0 1 0 0 0 0 0 0 0 0 0 0 0 0 0 
0 0 0 0 0 0 0 0 0 0 0 0 0 0 1 0 0 1 0 0 0 0 0 0 0 0 0 0 0 1 0 0 1 0 0 0 0 1 0 0 1 0 0 0 0 0 0 1 0 1 0 1 0 
0 0 1 0 0 0 1 0 0 1 0 1 0 1 0 0 0 0 0 1 0 1 0 0 0 0 0 1 0 0 0 1 0 1 0 0 0 0 0 1 0 1 0 0 0 0 0 0 0 0 1 0 0 
[metal]
 30  30  -1  -1  -1  44  44  44  -1  30  30  -1  -1  -1  -1  30  30  30  -1 2104 2104  -1  -1  -1  -1  -1 2107 2107 2107 2107  -1  44  44  44  -1  -1  38  38  -1  30  30  30  -1  95  95  -1  95  95  95  95  95  95  95 
 15  15  -1  -1  -1  46  46  46  -1  98  98  98  98  98  98  -1  -1  -1  -1  79  79  -1  79  79  -1  -1  -1  -1  41  41  -1  38  38  38  -1  -1  38  38  -1  94  94  94  94  94  94  -1  94  94  94  94  -1  94  94 
 -1  -1  31  31  -1  30  30  30  -1  44  44  44  -1  -1  -1  52  52  -1  -1  -1  -1  -1  52  52  52  52  52  52  -1  -1  -1  30  30  30  -1  -1  -1  -1  -1  44  44  -1  -1  -1  -1  -1  71  71  71  71  71  71  71 
 44  44  44  44  -1  62  62  62  62  62  62  62  62  62  -1  44  44  44  44  44  44  -1  79  79  -1  -1  56  56  -1  -1  -1  30  30  30  -1  97  97  97  97  -1  -1  44  44  -1  -1  -1 2137 2137 2137 2137 2137  -1  -1 
 -1  -1  -1  -1  -1  44  44  44  44  44  -1 2142 2142 2142 2142 2142 2142  -1  -1  -1  -1  -1  44  44  -1  -1  -1  -1  44  44  -1  30  30  30  -1  44  44  44  44  44  44  -1  -1  -1  -1  -1  -1  -1  -1  24  24  24  24 
 44  44  -1  32  32  32  32  -1  17  17  17  17  17  17  17  17  17  17  17  17  17  -1  93  93  -1  -1  51  51  -1  -1  -1  64  64  64  64  64  64  -1  24  24  24  24  24  -1  -1  24  24  24  24  24  24  -1  -1 
 15  15  -1  -1  -1  15  15  -1  30  30  -1  16  16  16  16  16  16  -1  69  69  69  -1  30  30  30  30  30  30  30  30  -1  44  44  -1  30  30  30  30  30  30  -1  22  22  22  22  -1  -1  -1  47  47  47  -1  -1 
 30  30  -1  30  30  30  30  30  30  30  -1  -1  -1  -1  -1  -1  -1  -1  -1  -1  -1  -1  93  93  -1  57  57  -1  40  40  40  40  40  -1  40  40  -1  30  30  30  30  30  30  30  30  30  30  30  30  30  30  -1  -1 
 44  44  44  44  44  44  44  44  44  44  -1  -1  -1  44  44  44  44  44  -1  86  86  -1  86  86  -1  -1  -1  -1  63  63  -1  44  44  44  44  44  -1  44  44  44  44  44  -1  58  58  58  58  -1  -1  35  35  -1  -1 
 44  44  44  -1  49  49  -1  -1  -1  -1  78  78  -1  78  78  -1  48  48  -1  -1  -1  -1  48  48  -1  48  48  48  48  48  -1  18  18  18  18  18  18  18  18  -1  35  35  35  35  35  -1  -1  35  35  35  35  35  35 
 -1  -1  -1  -1  30  30  -1  93  93  -1  78  78  -1  93  93  -1  48  48  48  48  48  48  48  48  -1  66  66  -1  -1  -1  -1  30  30  -1  -1   7   7   7   7  -1  30  30  -1  -1  -1  -1  -1  -1  -1  73  73  73  73 
 30  30  -1  -1  -1  -1  -1  30  30  30  30  30  30  30  30  30  30  30  -1 2348 2348 2348  -1  -1  -1  -1  -1 2350 2350 2350  -1  -1  -1  30  30  30  30  30  30  30  30  30  30  30  30  -1  -1  35  35  35  35  35  35 
2353 2353  -1  -1  -1  -1  -1  -1  -1  -1  44  44  44  44  -1  -1  -1  -1  -1  44  44  44  -1  27  27  -1  -1  -1  -1  -1  44  44  -1  -1  -1  70  70  70  70  -1  44  44  -1   1   1   1   1  -1  -1  -1  -1  -1  -1 
 43  43  43  43  43  -1  43  43  -1  -1  -1  -1  43  43  -1  65  65  -1  -1  65  65  65  -1  -1  -1  44  44  -1  61  61  -1  -1  44  44  -1  44  44  44  44  44  44  44  -1  -1  -1  -1  -1  -1 2377 2377  -1   8   8 
 43  43  43  43  43  -1  85  85  85  85  85  85  85  85  85  85  85  85  85  -1  -1  -1  -1  -1  -1  -1  -1  -1  61  61  -1  -1  96  96  -1  96  96  96  -1   8   8   8  -1  -1   8   8   8   8   8   8  -1   8   8 
 67  67  67  67  67  -1  84  84  84  84  -1  30  30  30  -1  -1  -1  -1  -1  30  30  30  30  30  30  -1  30  30  30  30  30  30  30  30  -1  -1  -1  -1  -1  30  30  30  -1  -1 2393 2393  -1  -1  34  34  34  34  34 
[metal density]
0 6 5 7 8 8 10 12 13 12 14 15 17 17 18 19 19 20 21 22 22 21 20 20 21 20 20 21 21 22 21 22 23 23 24 24 22 23 21 21 18 18 18 19 19 17 15 10 11 10 11 9 5 
1 8 9 10 9 8 9 8 7 10 10 7 15 17 16 16 18 17 16 18 16 15 15 15 16 16 12 13 16 17 18 18 16 18 16 15 14 14 10 11 12 12 12 12 12 12 12 12 12 12 12 11 11 
28 28 28 29 29 29 28 29 29 30 30 30 29 29 29 29 29 29 29 29 29 29 29 29 29 30 30 30 30 31 31 31 30 30 30 32 31 31 31 31 31 31 31 33 36 36 40 40 40 40 40 40 40 
50 50 50 50 49 49 49 50 50 50 50 50 37 37 36 35 35 35 35 35 35 35 35 35 35 35 35 35 35 35 35 35 35 35 34 34 34 34 34 34 34 34 33 33 33 33 33 32 32 32 32 32 32 
43 43 43 44 44 44 44 45 45 45 45 45 45 45 45 45 45 45 45 44 44 44 44 44 44 44 45 45 45 45 45 45 45 45 45 45 45 45 43 44 44 44 44 43 43 43 43 43 43 44 43 43 43 
51 51 51 48 48 48 47 46 46 45 45 45 45 45 45 45 45 45 45 44 44 44 44 44 44 44 44 44 43 43 43 43 42 42 42 42 42 41 41 41 41 41 41 41 41 41 41 41 41 41 41 40 40 
50 50 51 51 51 50 47 47 47 47 47 47 47 47 47 47 47 47 47 47 46 46 46 46 46 46 46 46 45 45 45 45 44 44 44 43 42 42 42 42 42 42 42 42 42 41 41 41 41 41 41 41 40 
23 24 25 25 25 23 23 23 23 23 23 23 23 23 23 23 23 23 23 20 20 20 20 20 20 21 21 21 20 2 20 20 20 20 20 20 19 19 19 19 18 19 18 18 18 18 18 18 18 17 17 17 17 
45 45 46 46 46 47 47 47 47 47 47 47 47 47 47 47 47 47 47 47 47 47 48 48 48 49 49 49 48 48 47 47 47 47 47 47 47 46 46 46 46 46 46 45 45 45 45 44 44 44 43 43 43 
0 0 32 32 32 33 33 33 34 34 34 34 34 34 34 34 34 34 34 34 34 34 34 34 34 34 34 34 34 35 35 35 36 36 36 37 37 37 37 37 51 50 50 50 50 1 1 1 1 1 1 1 0 
0 0 2 2 2 2 2 3 4 4 4 4 4 4 4 4 4 4 4 4 4 4 4 4 4 4 5 5 5 5 5 5 5 5 5 6 6 6 8 32 32 32 50 19 19 18 18 18 18 18 18 17 17 
43 44 44 44 44 44 44 44 44 44 44 44 44 44 44 44 44 43 43 43 43 43 43 43 43 43 43 43 43 44 43 43 43 43 43 43 43 45 45 44 43 43 43 43 43 43 43 44 44 44 44 44 43 
34 34 33 33 34 34 34 34 34 34 34 36 36 36 37 37 37 37 36 36 36 36 36 37 38 36 36 36 37 37 37 37 46 46 46 46 46 46 46 45 45 45 45 44 44 44 44 44 44 44 43 43 43 
50 50 50 50 50 50 51 51 51 51 51 51 51 51 51 48 48 47 46 46 46 46 46 46 46 46 46 46 46 46 46 46 46 46 46 46 46 46 46 46 45 45 44 44 44 44 44 44 44 44 44 44 44 
2 2 2 2 2 2 3 3 3 3 3 4 4 50 49 49 49 49 49 49 49 49 50 50 50 50 50 41 40 39 37 37 35 34 33 33 31 6 5 3 3 3 1 1 1 1 1 1 1 1 1 1 0 
34 34 34 34 34 34 34 34 34 34 34 35 35 35 35 35 35 35 35 35 35 35 35 36 35 35 35 35 35 35 35 35 35 35 35 35 36 36 36 36 36 36 36 0 0 0 0 10 9 9 10 11 11 
[satisfy via metal]
11000111011000011101100000111101110011011101101111111
11000111011111100001101100001101110011011111101111011
00110111011100011000001111110001110000011000001111111
11110111111111011111101100110001110111100110001111100
00000111110111111000001100001101110111111000000001111
11011110111111111111101100110001111110111110011111100
11000110110111111011101111111101101111110111100011100
11011111110000000000001101101111101101111111111111100
11111111110001111101101100001101111101111101111001100
11101100001101101100001101111101111111101111100111111
00001101101101101111111101100001100111101100000001111
11000001111111111101110000011100011111111111100111111
11000000001111000001110110000011000111101101111000000
11111011000011011001110001101100110111111100000011011
11111011111111111110000000001100110111011100111111011
11111011110111000001111110111111110000011100110011111
total_via_vertical_diff: 13
total density: 8208
hello print_shape
MM4_6   MM5_6   MM5_1   MM4_1   MM9_1   MM8_1   MM6_1   MM12_1  MM17_1  MM16_1          MM14_1  MM24_1  MM24_1  MM5_4   MM4_4   MM9_4   MM8_4   MM6_4   MM12_4  MM17_4  MM16_4          MM14_4  MM24_4  MM24_4  
MM9_6   MM8_6   MM6_6   MM12_6  MM17_6  MM16_6          MM14_6  MM24_6  MM24_6          MM4_2   MM5_2   MM5_5   MM4_5   MM9_5   MM8_5   MM6_5   MM12_5  MM17_5  MM16_5          MM14_5  MM24_5  MM24_5          
MM23_1          MM20_1          MM9_2   MM8_2   MM6_2   MM12_2  MM17_2  MM16_2          MM14_2  MM24_2  MM24_2  MM5_7   MM4_7   MM9_7   MM8_7   MM6_7   MM12_7  MM17_7  MM16_7          MM14_7  MM24_7  MM24_7  
MM24_3  MM24_3          MM14_3  MM16_3  MM17_3  MM12_3  MM6_3   MM8_3   MM9_3   MM4_3   MM5_3           MM23_5  MM5_8   MM4_8   MM9_8   MM8_8   MM6_8   MM12_8  MM17_8  MM16_8          MM14_8  MM24_8  MM24_8  
--
MM1_6   MM3_6   MM3_1   MM1_1   MM10_1  MM11_1  MM7_1   MM13_1  MM18_1  MM19_1          MM15_1  MM25_1  MM25_1  MM3_4   MM1_4   MM10_4  MM11_4  MM7_4   MM13_4  MM18_4  MM19_4          MM15_4  MM25_4  MM25_4  
MM10_6  MM11_6  MM7_6   MM13_6  MM18_6  MM19_6          MM15_6  MM25_6  MM25_6          MM1_2   MM3_2   MM3_5   MM1_5   MM10_5  MM11_5  MM7_5   MM13_5  MM18_5  MM19_5          MM15_5  MM25_5  MM25_5          
MM22_1          MM21_1          MM10_2  MM11_2  MM7_2   MM13_2  MM18_2  MM19_2          MM15_2  MM25_2  MM25_2  MM3_7   MM1_7   MM10_7  MM11_7  MM7_7   MM13_7  MM18_7  MM19_7          MM15_7  MM25_7  MM25_7  
MM25_3  MM25_3          MM15_3  MM19_3  MM18_3  MM13_3  MM7_3   MM11_3  MM10_3  MM1_3   MM3_3           MM22_5  MM3_8   MM1_8   MM10_8  MM11_8  MM7_8   MM13_8  MM18_8  MM19_8          MM15_8  MM25_8  MM25_8  
net15_6 clkn    pd1_6   pd1_6   D6      VSS     VSS     D1      pd1_1   pd1_1   clkn    net15_1 net15_1 clkb    pd3_1   pd3_1   net29_1 VSS     VSS     net15_1 net29_1 net29_1 clkb    net32_1 net32_1 clkn    pd5_1   pd5_1   net37_1 VSS     ------------------------net37_1 net32_1 VSS     VSS     net32_1 QN1     QN1     net32_1 VSS     VSS     D4      pd1_4   pd1_4   clkn    net15_4 net15_4 clkb    pd3_4   pd3_4   net29_4 VSS     VSS     net15_4 net29_4 net29_4 clkb    net32_4 net32_4 clkn    pd5_4   pd5_4   net37_4 VSS     ------------------------net37_4 net32_4 VSS     VSS     net32_4 QN4     QN4     net32_4 VSS     
net15_6 clkb    pd3_6   pd3_6   net29_6 VSS     VSS     net15_6 net29_6 net29_6 clkb    net32_6 net32_6 clkn    pd5_6   pd5_6   net37_6 VSS     ------------------------net37_6 net32_6 VSS     VSS     net32_6 QN6     QN6     net32_6 VSS     ------------------------net15_2 clkn    pd1_2   pd1_2   D2      VSS     VSS     D5      pd1_5   pd1_5   clkn    net15_5 net15_5 clkb    pd3_5   pd3_5   net29_5 VSS     VSS     net15_5 net29_5 net29_5 clkb    net32_5 net32_5 clkn    pd5_5   pd5_5   net37_5 VSS     ------------------------net37_5 net32_5 VSS     VSS     net32_5 QN5     QN5     net32_5 VSS     ------------------------
VSS     clkn    clkb    ------------------------clkn    CLK     VSS     ------------------------net15_2 clkb    pd3_2   pd3_2   net29_2 VSS     VSS     net15_2 net29_2 net29_2 clkb    net32_2 net32_2 clkn    pd5_2   pd5_2   net37_2 VSS     ------------------------net37_2 net32_2 VSS     VSS     net32_2 QN2     QN2     net32_2 VSS     VSS     D7      pd1_7   pd1_7   clkn    net15_7 net15_7 clkb    pd3_7   pd3_7   net29_7 VSS     VSS     net15_7 net29_7 net29_7 clkb    net32_7 net32_7 clkn    pd5_7   pd5_7   net37_7 VSS     ------------------------net37_7 net32_7 VSS     VSS     net32_7 QN7     QN7     net32_7 VSS     
VSS     net32_3 QN3     QN3     net32_3 VSS     ------------------------net37_3 net32_3 VSS     VSS     net37_3 pd5_3   pd5_3   clkn    net32_3 net32_3 clkb    net29_3 net29_3 net15_3 VSS     VSS     net29_3 pd3_3   pd3_3   clkb    net15_3 net15_3 clkn    pd1_3   pd1_3   D3      VSS     ------------------------clkb    clkn    VSS     VSS     D8      pd1_8   pd1_8   clkn    net15_8 net15_8 clkb    pd3_8   pd3_8   net29_8 VSS     VSS     net15_8 net29_8 net29_8 clkb    net32_8 net32_8 clkn    pd5_8   pd5_8   net37_8 VSS     ------------------------net37_8 net32_8 VSS     VSS     net32_8 QN8     QN8     net32_8 VSS     
--
net15_6 clkb    pu1_6   pu1_6   D6      VDD     VDD     D1      pu1_1   pu1_1   clkb    net15_1 net15_1 clkn    pd2_1   pd2_1   net29_1 VDD     VDD     net15_1 net29_1 net29_1 clkn    net32_1 net32_1 clkb    pd4_1   pd4_1   net37_1 VDD     ------------------------net37_1 net32_1 VDD     VDD     net32_1 QN1     QN1     net32_1 VDD     VDD     D4      pu1_4   pu1_4   clkb    net15_4 net15_4 clkn    pd2_4   pd2_4   net29_4 VDD     VDD     net15_4 net29_4 net29_4 clkn    net32_4 net32_4 clkb    pd4_4   pd4_4   net37_4 VDD     ------------------------net37_4 net32_4 VDD     VDD     net32_4 QN4     QN4     net32_4 VDD     
net15_6 clkn    pd2_6   pd2_6   net29_6 VDD     VDD     net15_6 net29_6 net29_6 clkn    net32_6 net32_6 clkb    pd4_6   pd4_6   net37_6 VDD     ------------------------net37_6 net32_6 VDD     VDD     net32_6 QN6     QN6     net32_6 VDD     ------------------------net15_2 clkb    pu1_2   pu1_2   D2      VDD     VDD     D5      pu1_5   pu1_5   clkb    net15_5 net15_5 clkn    pd2_5   pd2_5   net29_5 VDD     VDD     net15_5 net29_5 net29_5 clkn    net32_5 net32_5 clkb    pd4_5   pd4_5   net37_5 VDD     ------------------------net37_5 net32_5 VDD     VDD     net32_5 QN5     QN5     net32_5 VDD     ------------------------
VDD     clkn    clkb    ------------------------clkn    CLK     VDD     ------------------------net15_2 clkn    pd2_2   pd2_2   net29_2 VDD     VDD     net15_2 net29_2 net29_2 clkn    net32_2 net32_2 clkb    pd4_2   pd4_2   net37_2 VDD     ------------------------net37_2 net32_2 VDD     VDD     net32_2 QN2     QN2     net32_2 VDD     VDD     D7      pu1_7   pu1_7   clkb    net15_7 net15_7 clkn    pd2_7   pd2_7   net29_7 VDD     VDD     net15_7 net29_7 net29_7 clkn    net32_7 net32_7 clkb    pd4_7   pd4_7   net37_7 VDD     ------------------------net37_7 net32_7 VDD     VDD     net32_7 QN7     QN7     net32_7 VDD     
VDD     net32_3 QN3     QN3     net32_3 VDD     ------------------------net37_3 net32_3 VDD     VDD     net37_3 pd4_3   pd4_3   clkb    net32_3 net32_3 clkn    net29_3 net29_3 net15_3 VDD     VDD     net29_3 pd2_3   pd2_3   clkn    net15_3 net15_3 clkb    pu1_3   pu1_3   D3      VDD     ------------------------clkb    clkn    VDD     VDD     D8      pu1_8   pu1_8   clkb    net15_8 net15_8 clkn    pd2_8   pd2_8   net29_8 VDD     VDD     net15_8 net29_8 net29_8 clkn    net32_8 net32_8 clkb    pd4_8   pd4_8   net37_8 VDD     ------------------------net37_8 net32_8 VDD     VDD     net32_8 QN8     QN8     net32_8 VDD     
net15_6 clkn    pd1_6   D6      VSS     D1      pd1_1   clkn    net15_1 clkb    pd3_1   net29_1 VSS     net15_1 net29_1 clkb    net32_1 clkn    pd5_1   net37_1 VSS     Null    net37_1 net32_1 VSS     net32_1 QN1     net32_1 VSS     D4      pd1_4   clkn    net15_4 clkb    pd3_4   net29_4 VSS     net15_4 net29_4 clkb    net32_4 clkn    pd5_4   net37_4 VSS     Null    net37_4 net32_4 VSS     net32_4 QN4     net32_4 VSS     
net15_6 clkb    pd3_6   net29_6 VSS     net15_6 net29_6 clkb    net32_6 clkn    pd5_6   net37_6 VSS     Null    net37_6 net32_6 VSS     net32_6 QN6     net32_6 VSS     Null    net15_2 clkn    pd1_2   D2      VSS     D5      pd1_5   clkn    net15_5 clkb    pd3_5   net29_5 VSS     net15_5 net29_5 clkb    net32_5 clkn    pd5_5   net37_5 VSS     Null    net37_5 net32_5 VSS     net32_5 QN5     net32_5 VSS     Null    Null    
VSS     clkn    clkb    Null    clkn    CLK     VSS     Null    net15_2 clkb    pd3_2   net29_2 VSS     net15_2 net29_2 clkb    net32_2 clkn    pd5_2   net37_2 VSS     Null    net37_2 net32_2 VSS     net32_2 QN2     net32_2 VSS     D7      pd1_7   clkn    net15_7 clkb    pd3_7   net29_7 VSS     net15_7 net29_7 clkb    net32_7 clkn    pd5_7   net37_7 VSS     Null    net37_7 net32_7 VSS     net32_7 QN7     net32_7 VSS     
VSS     net32_3 QN3     net32_3 VSS     Null    net37_3 net32_3 VSS     net37_3 pd5_3   clkn    net32_3 clkb    net29_3 net15_3 VSS     net29_3 pd3_3   clkb    net15_3 clkn    pd1_3   D3      VSS     Null    clkb    clkn    VSS     D8      pd1_8   clkn    net15_8 clkb    pd3_8   net29_8 VSS     net15_8 net29_8 clkb    net32_8 clkn    pd5_8   net37_8 VSS     Null    net37_8 net32_8 VSS     net32_8 QN8     net32_8 VSS     

net15_6 clkb    pu1_6   D6      VDD     D1      pu1_1   clkb    net15_1 clkn    pd2_1   net29_1 VDD     net15_1 net29_1 clkn    net32_1 clkb    pd4_1   net37_1 VDD     Null    net37_1 net32_1 VDD     net32_1 QN1     net32_1 VDD     D4      pu1_4   clkb    net15_4 clkn    pd2_4   net29_4 VDD     net15_4 net29_4 clkn    net32_4 clkb    pd4_4   net37_4 VDD     Null    net37_4 net32_4 VDD     net32_4 QN4     net32_4 VDD     
net15_6 clkn    pd2_6   net29_6 VDD     net15_6 net29_6 clkn    net32_6 clkb    pd4_6   net37_6 VDD     Null    net37_6 net32_6 VDD     net32_6 QN6     net32_6 VDD     Null    net15_2 clkb    pu1_2   D2      VDD     D5      pu1_5   clkb    net15_5 clkn    pd2_5   net29_5 VDD     net15_5 net29_5 clkn    net32_5 clkb    pd4_5   net37_5 VDD     Null    net37_5 net32_5 VDD     net32_5 QN5     net32_5 VDD     Null    Null    
VDD     clkn    clkb    Null    clkn    CLK     VDD     Null    net15_2 clkn    pd2_2   net29_2 VDD     net15_2 net29_2 clkn    net32_2 clkb    pd4_2   net37_2 VDD     Null    net37_2 net32_2 VDD     net32_2 QN2     net32_2 VDD     D7      pu1_7   clkb    net15_7 clkn    pd2_7   net29_7 VDD     net15_7 net29_7 clkn    net32_7 clkb    pd4_7   net37_7 VDD     Null    net37_7 net32_7 VDD     net32_7 QN7     net32_7 VDD     
VDD     net32_3 QN3     net32_3 VDD     Null    net37_3 net32_3 VDD     net37_3 pd4_3   clkb    net32_3 clkn    net29_3 net15_3 VDD     net29_3 pd2_3   clkn    net15_3 clkb    pu1_3   D3      VDD     Null    clkb    clkn    VDD     D8      pu1_8   clkb    net15_8 clkn    pd2_8   net29_8 VDD     net15_8 net29_8 clkn    net32_8 clkb    pd4_8   net37_8 VDD     Null    net37_8 net32_8 VDD     net32_8 QN8     net32_8 VDD     

成功建立檔案：results/MBFF8x2.plmt
max_cols: 26
Generated results/MBFF8x2.plmt
Time taken : 402.456 seconds
